location	part	query	price	full	link
Amazon	CPU	AMD 7950X	11248.11	AMD Ryzen 9 7950X3D Procesador de Escritorio de 16 Nucleos con Graficos Radeon	https://www.amazon.com.mx/AMD-7950X3D-Procesador-Escritorio-Graficos/dp/B0BTRH9MNS/ref=sr_1_1?dib=eyJ2IjoiMSJ9.CMuTv9wFtIvxDKEq7rU7wgCy5MHySUFRlJ11lxL5AxRnObdsh_4uzUUW8e-p8zmvOkvROwNElyZ7ExpClcoaVB5PlR3kd2QomOgFz8bbdQ7gu3V9SaBlL1oz4vHO8_SPrhS0aakgpcxcJsZ7bJOhwR-Dyp9HM1V69mWagxDMyU_whGVlfNS1yBZhccNvQW2Win1oKv-QFAFv_qjNKf8qkHW8kkMVpdxhpHhysNCeEHaMdN80yuFc8dzHUVlUDe_NXy8ZhZS0aJr97ylrBEyRBe4w5-wic92tUptFZ2qF_Pw.cE1MjAuUT5qcoDJYb7hZ7JSUA_DQ-2yG2bUOihvdEbs&dib_tag=se&keywords=AMD+7950X&qid=1715897830&sr=8-1&ufe=app_do%3Aamzn1.fos.4e545b5e-1d45-498b-8193-a253464ffa47
Amazon	CPU	AMD 7950X	10154.54	AMD Ryzen™ 9 7950X Procesador	https://www.amazon.com.mx/AMD-RyzenTM-9-7950X-Procesador/dp/B0BBHD5D8Y/ref=sr_1_2?dib=eyJ2IjoiMSJ9.CMuTv9wFtIvxDKEq7rU7wgCy5MHySUFRlJ11lxL5AxRnObdsh_4uzUUW8e-p8zmvOkvROwNElyZ7ExpClcoaVB5PlR3kd2QomOgFz8bbdQ7gu3V9SaBlL1oz4vHO8_SPrhS0aakgpcxcJsZ7bJOhwR-Dyp9HM1V69mWagxDMyU_whGVlfNS1yBZhccNvQW2Win1oKv-QFAFv_qjNKf8qkHW8kkMVpdxhpHhysNCeEHaMdN80yuFc8dzHUVlUDe_NXy8ZhZS0aJr97ylrBEyRBe4w5-wic92tUptFZ2qF_Pw.cE1MjAuUT5qcoDJYb7hZ7JSUA_DQ-2yG2bUOihvdEbs&dib_tag=se&keywords=AMD+7950X&qid=1715897830&sr=8-2&ufe=app_do%3Aamzn1.fos.d6a47de5-06cb-4416-9abc-48deac71c815
Amazon	CPU	AMD 7950X	6944.0	AMD Ryzen™ 9 7900X Procesador	https://www.amazon.com.mx/AMD-RyzenTM-9-7900X-Procesador/dp/B0BBJ59WJ4/ref=sr_1_3?dib=eyJ2IjoiMSJ9.CMuTv9wFtIvxDKEq7rU7wgCy5MHySUFRlJ11lxL5AxRnObdsh_4uzUUW8e-p8zmvOkvROwNElyZ7ExpClcoaVB5PlR3kd2QomOgFz8bbdQ7gu3V9SaBlL1oz4vHO8_SPrhS0aakgpcxcJsZ7bJOhwR-Dyp9HM1V69mWagxDMyU_whGVlfNS1yBZhccNvQW2Win1oKv-QFAFv_qjNKf8qkHW8kkMVpdxhpHhysNCeEHaMdN80yuFc8dzHUVlUDe_NXy8ZhZS0aJr97ylrBEyRBe4w5-wic92tUptFZ2qF_Pw.cE1MjAuUT5qcoDJYb7hZ7JSUA_DQ-2yG2bUOihvdEbs&dib_tag=se&keywords=AMD+7950X&qid=1715897830&sr=8-3&ufe=app_do%3Aamzn1.fos.4e545b5e-1d45-498b-8193-a253464ffa47
Amazon	CPU	AMD 7950X	7794.04	Amd CPU RYZEN 7 7800X3D Radeon Graphics AM5 (100-100000910WOF)	https://www.amazon.com.mx/AMD-7800X3D-Radeon-Graphics-100-100000910WOF/dp/B0BTZB7F88/ref=sr_1_4?dib=eyJ2IjoiMSJ9.CMuTv9wFtIvxDKEq7rU7wgCy5MHySUFRlJ11lxL5AxRnObdsh_4uzUUW8e-p8zmvOkvROwNElyZ7ExpClcoaVB5PlR3kd2QomOgFz8bbdQ7gu3V9SaBlL1oz4vHO8_SPrhS0aakgpcxcJsZ7bJOhwR-Dyp9HM1V69mWagxDMyU_whGVlfNS1yBZhccNvQW2Win1oKv-QFAFv_qjNKf8qkHW8kkMVpdxhpHhysNCeEHaMdN80yuFc8dzHUVlUDe_NXy8ZhZS0aJr97ylrBEyRBe4w5-wic92tUptFZ2qF_Pw.cE1MjAuUT5qcoDJYb7hZ7JSUA_DQ-2yG2bUOihvdEbs&dib_tag=se&keywords=AMD+7950X&qid=1715897830&sr=8-4&ufe=app_do%3Aamzn1.fos.a9e70178-7411-4f75-8d83-e6796a165895
Amazon	CPU	AMD 7950X	7943.13	AMD Ryzen 9 7900X3D Procesador de Escritorio de 12 Nucleos con graficos Radeon	https://www.amazon.com.mx/AMD-Ryzen-7900X3D-Procesador-Escritorio/dp/B0BTRRNK7T/ref=sr_1_5?dib=eyJ2IjoiMSJ9.CMuTv9wFtIvxDKEq7rU7wgCy5MHySUFRlJ11lxL5AxRnObdsh_4uzUUW8e-p8zmvOkvROwNElyZ7ExpClcoaVB5PlR3kd2QomOgFz8bbdQ7gu3V9SaBlL1oz4vHO8_SPrhS0aakgpcxcJsZ7bJOhwR-Dyp9HM1V69mWagxDMyU_whGVlfNS1yBZhccNvQW2Win1oKv-QFAFv_qjNKf8qkHW8kkMVpdxhpHhysNCeEHaMdN80yuFc8dzHUVlUDe_NXy8ZhZS0aJr97ylrBEyRBe4w5-wic92tUptFZ2qF_Pw.cE1MjAuUT5qcoDJYb7hZ7JSUA_DQ-2yG2bUOihvdEbs&dib_tag=se&keywords=AMD+7950X&qid=1715897830&sr=8-5&ufe=app_do%3Aamzn1.fos.4e545b5e-1d45-498b-8193-a253464ffa47
Amazon	MB	Tarjeta madre AM5 AMD	2565.0	MSI Pro B650M-P ProSeries Motherboard (AMD AM5, mATX, DDR5, PCIe 4.0, M.2, SATA 6Gb/s, USB 3.2 Gen 2, HDMI/DP, AMD Ryzen 7000 Series Desktop Processors)	https://www.amazon.com.mx/MSI-B650M-P-ProSeries-Motherboard-Processors/dp/B0C7SJFDXK/ref=sr_1_1?dib=eyJ2IjoiMSJ9.N8l6_6RmAZx3HtcH8yRnXjC-fVrL5KTRI91Qn4rOBGoKXbavX4YAHYVn4yNAHutXCClwV74RhOzIKcOaGrgBYJHcWqHGg6sKLz7KFvNngWqkLPFwI92nYlx1B1uB_YsRbW6vOKg878ELAUHEhCuvOCQfufCG_-aNLQkWr7Z6OqwvKuEey7nus4oTj8eVJboGWZsDB966vHFMjOExp5LI63OAjPsOFDq1eXMYcPyqt4khtsYX7sm3fAWfh33JidbGb9tNhLaEh618LFsFwv3rUBzWd3mrqyDONpf2wRAHRBQ.um8rotcBqCFlqIHgXyXrMkTpjWjGVfJhm1cGuKh-n2w&dib_tag=se&keywords=Tarjeta+madre+AM5+AMD&qid=1715897841&sr=8-1&ufe=app_do%3Aamzn1.fos.628a2120-cf12-4882-b7cf-30e681beb181
Amazon	MB	Tarjeta madre AM5 AMD	4802.55	ASUS ROG Strix B650-A Gaming WiFi 6E AM5 (LGA1718) Ryzen 7000 placa base (12+2 etapas de potencia, DDR5, 3xM.2 ranuras, PCIe® 4.0, 2.5G LAN, WiFi 6E, USB 3.2 Gen 2x2 Type-C®)	https://www.amazon.com.mx/ROG-LGA1718-potencia-ranuras-Type-C%C2%AE/dp/B0BHMW8R6S/ref=sr_1_2?dib=eyJ2IjoiMSJ9.N8l6_6RmAZx3HtcH8yRnXjC-fVrL5KTRI91Qn4rOBGoKXbavX4YAHYVn4yNAHutXCClwV74RhOzIKcOaGrgBYJHcWqHGg6sKLz7KFvNngWqkLPFwI92nYlx1B1uB_YsRbW6vOKg878ELAUHEhCuvOCQfufCG_-aNLQkWr7Z6OqwvKuEey7nus4oTj8eVJboGWZsDB966vHFMjOExp5LI63OAjPsOFDq1eXMYcPyqt4khtsYX7sm3fAWfh33JidbGb9tNhLaEh618LFsFwv3rUBzWd3mrqyDONpf2wRAHRBQ.um8rotcBqCFlqIHgXyXrMkTpjWjGVfJhm1cGuKh-n2w&dib_tag=se&keywords=Tarjeta+madre+AM5+AMD&qid=1715897841&sr=8-2&ufe=app_do%3Aamzn1.fos.a9e70178-7411-4f75-8d83-e6796a165895
Amazon	MB	Tarjeta madre AM5 AMD	3978.18	GIGABYTE B650M AORUS Elite AX (AM5/ LGA 1718/ AMD B650/ Micro-ATX/ 5 años de garantía/DDR5/ 2* M.2/ PCIe 5.0/ USB 3.2 Gen2X2 Type-C/Intel 2.5GbE LAN/Q-Flash Plus/EZ-Latch/Placa Base para Juegos)	https://www.amazon.com.mx/Gigabyte-B650M-Micro-ATX-garant%C3%ADa-EZ-Latch/dp/B0BH6XND27/ref=sr_1_3?dib=eyJ2IjoiMSJ9.N8l6_6RmAZx3HtcH8yRnXjC-fVrL5KTRI91Qn4rOBGoKXbavX4YAHYVn4yNAHutXCClwV74RhOzIKcOaGrgBYJHcWqHGg6sKLz7KFvNngWqkLPFwI92nYlx1B1uB_YsRbW6vOKg878ELAUHEhCuvOCQfufCG_-aNLQkWr7Z6OqwvKuEey7nus4oTj8eVJboGWZsDB966vHFMjOExp5LI63OAjPsOFDq1eXMYcPyqt4khtsYX7sm3fAWfh33JidbGb9tNhLaEh618LFsFwv3rUBzWd3mrqyDONpf2wRAHRBQ.um8rotcBqCFlqIHgXyXrMkTpjWjGVfJhm1cGuKh-n2w&dib_tag=se&keywords=Tarjeta+madre+AM5+AMD&qid=1715897841&sr=8-3&ufe=app_do%3Aamzn1.fos.a9e70178-7411-4f75-8d83-e6796a165895
Amazon	MB	Tarjeta madre AM5 AMD	5343.58	Tarjeta Madre AMD B650, Asus ROG STRIX B650E-F GAMING WiFi, Socket AM5, Ryzen 7000, DDR5, 3x M.2, PCIe 5.0, WiFi 6E, USB 3.2 Gen 2x2 Tipo C, Aura Sync RGBc	https://www.amazon.com.mx/Asus-ROG-STRIX-B650E-F-GAMING/dp/B0BHMTYZKZ/ref=sr_1_4?dib=eyJ2IjoiMSJ9.N8l6_6RmAZx3HtcH8yRnXjC-fVrL5KTRI91Qn4rOBGoKXbavX4YAHYVn4yNAHutXCClwV74RhOzIKcOaGrgBYJHcWqHGg6sKLz7KFvNngWqkLPFwI92nYlx1B1uB_YsRbW6vOKg878ELAUHEhCuvOCQfufCG_-aNLQkWr7Z6OqwvKuEey7nus4oTj8eVJboGWZsDB966vHFMjOExp5LI63OAjPsOFDq1eXMYcPyqt4khtsYX7sm3fAWfh33JidbGb9tNhLaEh618LFsFwv3rUBzWd3mrqyDONpf2wRAHRBQ.um8rotcBqCFlqIHgXyXrMkTpjWjGVfJhm1cGuKh-n2w&dib_tag=se&keywords=Tarjeta+madre+AM5+AMD&qid=1715897841&sr=8-4&ufe=app_do%3Aamzn1.fos.a9e70178-7411-4f75-8d83-e6796a165895
Amazon	MB	Tarjeta madre AM5 AMD	3152.15	MSI PRO B650-S Tarjeta madre WiFi ProSeries (compatible con procesadores AMD Ryzen 7000 Series, AM5, DDR5, PCIe 4.0, ranuras M.2, SATA 6Gb/s, USB 3.2 Gen 2, HDMI/DP, Wi-Fi 6E, LAN de 2.5Gbps, ATX)	https://www.amazon.com.mx/MSI-Tarjeta-ProSeries-compatible-procesadores/dp/B0CQHS7PLL/ref=sr_1_5?dib=eyJ2IjoiMSJ9.N8l6_6RmAZx3HtcH8yRnXjC-fVrL5KTRI91Qn4rOBGoKXbavX4YAHYVn4yNAHutXCClwV74RhOzIKcOaGrgBYJHcWqHGg6sKLz7KFvNngWqkLPFwI92nYlx1B1uB_YsRbW6vOKg878ELAUHEhCuvOCQfufCG_-aNLQkWr7Z6OqwvKuEey7nus4oTj8eVJboGWZsDB966vHFMjOExp5LI63OAjPsOFDq1eXMYcPyqt4khtsYX7sm3fAWfh33JidbGb9tNhLaEh618LFsFwv3rUBzWd3mrqyDONpf2wRAHRBQ.um8rotcBqCFlqIHgXyXrMkTpjWjGVfJhm1cGuKh-n2w&dib_tag=se&keywords=Tarjeta+madre+AM5+AMD&qid=1715897841&sr=8-5&ufe=app_do%3Aamzn1.fos.a9e70178-7411-4f75-8d83-e6796a165895
Amazon	GPU	4070 Ti Super	17085.5	ASUS TUF Gaming NVIDIA GeForce RTX™ 4070 Ti Super OC Edition Tarjeta gráfica para Juegos (PCIe 4.0, 16GB GDDR6X, HDMI 2.1a, DisplayPort 1.4a)	https://www.amazon.com.mx/ASUS-GeForce-Tarjeta-gr%C3%A1fica-DisplayPort/dp/B0CQPXD5WD/ref=sr_1_1?dib=eyJ2IjoiMSJ9.pB0ZnRPXcxlkhUjQ4FOOlEr4EohpNIUjJ5O0MjcUR90f6CxuHllK38rHPz06AX_1MDYwYFSkHcCgwl9ka1dqZFhnqaKd0KIZIvxAAkraVYjajXix1UQXAaOcne9o3gNGWQ2HRz38aHJ1j4LW7iDp0arm83RopXOaUw86TKLUs-2jWYDPzkBrQggJxQHMKNJNMtejx8vNMDNoLa2u4n8H8vYHj4srl1Wy2huphV7WjPhheKhXSmhcSZaP2BeCr9aMH6XKh-cpW6TosUbB_Zyda7yQVOgQmkKwNN92G9YnQkw.yjjon43dJBmWTuXxHFvqoF40HtTxNvKXV0nDaQEcGlo&dib_tag=se&keywords=4070+Ti+Super&qid=1715897854&sr=8-1&ufe=app_do%3Aamzn1.fos.628a2120-cf12-4882-b7cf-30e681beb181
Amazon	GPU	4070 Ti Super	18007.26	ASUS ProArt GeForce RTX™ 4070 Ti Super OC Edition Tarjeta gráfica (PCIe 4.0, 16GB GDDR6X, DLSS 3, HDMI 2.1a, DisplayPort 1.4a)	https://www.amazon.com.mx/ASUS-GeForce-Tarjeta-gr%C3%A1fica-DisplayPort/dp/B0CSF8G1PR/ref=sr_1_2?dib=eyJ2IjoiMSJ9.pB0ZnRPXcxlkhUjQ4FOOlEr4EohpNIUjJ5O0MjcUR90f6CxuHllK38rHPz06AX_1MDYwYFSkHcCgwl9ka1dqZFhnqaKd0KIZIvxAAkraVYjajXix1UQXAaOcne9o3gNGWQ2HRz38aHJ1j4LW7iDp0arm83RopXOaUw86TKLUs-2jWYDPzkBrQggJxQHMKNJNMtejx8vNMDNoLa2u4n8H8vYHj4srl1Wy2huphV7WjPhheKhXSmhcSZaP2BeCr9aMH6XKh-cpW6TosUbB_Zyda7yQVOgQmkKwNN92G9YnQkw.yjjon43dJBmWTuXxHFvqoF40HtTxNvKXV0nDaQEcGlo&dib_tag=se&keywords=4070+Ti+Super&qid=1715897854&sr=8-2&ufe=app_do%3Aamzn1.fos.a9e70178-7411-4f75-8d83-e6796a165895
Amazon	GPU	4070 Ti Super	16541.54	ZOTAC Gaming GeForce RTX 4070 Ti Super Trinity Black Edition DLSS 3 16GB GDDR6X 256-bit 21 Gbps PCIE 4.0 Tarjeta gráfica para Juegos, IceStorm 2.0 Advanced Cooling, Spectra RGB Lighting,	https://www.amazon.com.mx/ZOTAC-GeForce-IceStorm-Advanced-Lighting/dp/B0CSBCBFLS/ref=sr_1_3?dib=eyJ2IjoiMSJ9.pB0ZnRPXcxlkhUjQ4FOOlEr4EohpNIUjJ5O0MjcUR90f6CxuHllK38rHPz06AX_1MDYwYFSkHcCgwl9ka1dqZFhnqaKd0KIZIvxAAkraVYjajXix1UQXAaOcne9o3gNGWQ2HRz38aHJ1j4LW7iDp0arm83RopXOaUw86TKLUs-2jWYDPzkBrQggJxQHMKNJNMtejx8vNMDNoLa2u4n8H8vYHj4srl1Wy2huphV7WjPhheKhXSmhcSZaP2BeCr9aMH6XKh-cpW6TosUbB_Zyda7yQVOgQmkKwNN92G9YnQkw.yjjon43dJBmWTuXxHFvqoF40HtTxNvKXV0nDaQEcGlo&dib_tag=se&keywords=4070+Ti+Super&qid=1715897854&sr=8-3&ufe=app_do%3Aamzn1.fos.a9e70178-7411-4f75-8d83-e6796a165895
Amazon	GPU	4070 Ti Super	17588.49	ZOTAC Gaming GeForce RTX 4070 Ti Super Trinity OC White Edition DLSS 3 16GB GDDR6X 256-bit 21 Gbps PCIE 4.0 Tarjeta gráfica para Juegos, IceStorm 2.0 Advanced Cooling, Spectra RGB Lighting,	https://www.amazon.com.mx/ZOTAC-GeForce-IceStorm-Advanced-Lighting/dp/B0CSBFG86Z/ref=sr_1_4?dib=eyJ2IjoiMSJ9.pB0ZnRPXcxlkhUjQ4FOOlEr4EohpNIUjJ5O0MjcUR90f6CxuHllK38rHPz06AX_1MDYwYFSkHcCgwl9ka1dqZFhnqaKd0KIZIvxAAkraVYjajXix1UQXAaOcne9o3gNGWQ2HRz38aHJ1j4LW7iDp0arm83RopXOaUw86TKLUs-2jWYDPzkBrQggJxQHMKNJNMtejx8vNMDNoLa2u4n8H8vYHj4srl1Wy2huphV7WjPhheKhXSmhcSZaP2BeCr9aMH6XKh-cpW6TosUbB_Zyda7yQVOgQmkKwNN92G9YnQkw.yjjon43dJBmWTuXxHFvqoF40HtTxNvKXV0nDaQEcGlo&dib_tag=se&keywords=4070+Ti+Super&qid=1715897854&sr=8-4&ufe=app_do%3Aamzn1.fos.a9e70178-7411-4f75-8d83-e6796a165895
Amazon	GPU	4070 Ti Super	17379.09	GIGABYTE Tarjeta de Video Eagle GeForce RTX4070TI Super OC 16GB RGB Fusion Triple Fan GDDR6X PCIe 4.0 1xHDMI 3xDP	https://www.amazon.com.mx/GIGABYTE-Tarjeta-GeForce-RTX4070TI-Fusion/dp/B0CSK87B4R/ref=sr_1_5?dib=eyJ2IjoiMSJ9.pB0ZnRPXcxlkhUjQ4FOOlEr4EohpNIUjJ5O0MjcUR90f6CxuHllK38rHPz06AX_1MDYwYFSkHcCgwl9ka1dqZFhnqaKd0KIZIvxAAkraVYjajXix1UQXAaOcne9o3gNGWQ2HRz38aHJ1j4LW7iDp0arm83RopXOaUw86TKLUs-2jWYDPzkBrQggJxQHMKNJNMtejx8vNMDNoLa2u4n8H8vYHj4srl1Wy2huphV7WjPhheKhXSmhcSZaP2BeCr9aMH6XKh-cpW6TosUbB_Zyda7yQVOgQmkKwNN92G9YnQkw.yjjon43dJBmWTuXxHFvqoF40HtTxNvKXV0nDaQEcGlo&dib_tag=se&keywords=4070+Ti+Super&qid=1715897854&sr=8-5&ufe=app_do%3Aamzn1.fos.a9e70178-7411-4f75-8d83-e6796a165895
Amazon	GAB	Gabinete computadora	559.99	SMPK Soporte para Gabinete Gamer,Debajo del Escritorio Soporte para Gabinete pc,Soporte Retro de Madera Gabinete ATX,Soporte Gabinete Gamer con 2 Niveles de Almacenamiento (Negro)	https://www.amazon.com.mx/SMPK-Soporte-Gabinete-Escritorio-Almacenamiento/dp/B0CLNVCRD4/ref=sr_1_1?dib=eyJ2IjoiMSJ9.k7KMbTlJSVQ2pArJjBraxKsX8LZJYGil6mWuX4iSrSNdvXc32_GX_wr0mGMAx_64j5Ud38rLmh-Yz6h06oS87u2DXcXVqDaFlIVvR2cmePtt5JvmInhFeAP_v3QDmrRVPSCcgQnuUv7vw9oLv0PxTSr4MyFA2nBuQ6WDgmDjEZ1n0dU48VDSmWFYez88AngP-0r1KQiS28BuMuDnWCzBcNI6lswdojf3X93ZW8TfS9uvgXQGF778TlMQRgpz3dO8huTmc84kzZN1aQ3C76TjI9ETpWKg5RdoK7ppQu7HW1s.--GArzPo6tIjM-_Un-G-InbKh3v6apHxDFm7CfSdevY&dib_tag=se&keywords=Gabinete+computadora&qid=1715897865&sr=8-1&ufe=app_do%3Aamzn1.fos.4e545b5e-1d45-498b-8193-a253464ffa47
Amazon	GAB	Gabinete computadora	580.0	Gabinete Micro Torre Performance II GI215W / MAX MB M-ATX Fuente ATX Plus 500w / 2xUSB 2.0 / Panel Izq Acrilico + Frente Solido/Blanco	https://www.amazon.com.mx/Gabinete-Performance-GI215W-Fuente-Acrilico/dp/B0C59PWPHC/ref=sr_1_2?dib=eyJ2IjoiMSJ9.k7KMbTlJSVQ2pArJjBraxKsX8LZJYGil6mWuX4iSrSNdvXc32_GX_wr0mGMAx_64j5Ud38rLmh-Yz6h06oS87u2DXcXVqDaFlIVvR2cmePtt5JvmInhFeAP_v3QDmrRVPSCcgQnuUv7vw9oLv0PxTSr4MyFA2nBuQ6WDgmDjEZ1n0dU48VDSmWFYez88AngP-0r1KQiS28BuMuDnWCzBcNI6lswdojf3X93ZW8TfS9uvgXQGF778TlMQRgpz3dO8huTmc84kzZN1aQ3C76TjI9ETpWKg5RdoK7ppQu7HW1s.--GArzPo6tIjM-_Un-G-InbKh3v6apHxDFm7CfSdevY&dib_tag=se&keywords=Gabinete+computadora&qid=1715897865&sr=8-2&ufe=app_do%3Aamzn1.fos.4e545b5e-1d45-498b-8193-a253464ffa47
Amazon	GAB	Gabinete computadora	559.0	Quaroni Gabinete QCMT-06. Frente de ABS Color Negro con Acabado Tipo Aluminio Cepillado, Encendido y Puertos Laterales. Formato Micro ATX, Mini ITX. Incluye Fuente de Poder de 500W	https://www.amazon.com.mx/Quaroni-Gabinete-Cepillado-Encendido-Laterales/dp/B099M13L7C/ref=sr_1_3?dib=eyJ2IjoiMSJ9.k7KMbTlJSVQ2pArJjBraxKsX8LZJYGil6mWuX4iSrSNdvXc32_GX_wr0mGMAx_64j5Ud38rLmh-Yz6h06oS87u2DXcXVqDaFlIVvR2cmePtt5JvmInhFeAP_v3QDmrRVPSCcgQnuUv7vw9oLv0PxTSr4MyFA2nBuQ6WDgmDjEZ1n0dU48VDSmWFYez88AngP-0r1KQiS28BuMuDnWCzBcNI6lswdojf3X93ZW8TfS9uvgXQGF778TlMQRgpz3dO8huTmc84kzZN1aQ3C76TjI9ETpWKg5RdoK7ppQu7HW1s.--GArzPo6tIjM-_Un-G-InbKh3v6apHxDFm7CfSdevY&dib_tag=se&keywords=Gabinete+computadora&qid=1715897865&sr=8-3&ufe=app_do%3Aamzn1.fos.4e545b5e-1d45-498b-8193-a253464ffa47
Amazon	GAB	Gabinete computadora	949.0	YEYIAN Gabinete Gamer Haizen 2500 ITX, Micro ATX, Vidrio Templado, 3 ARGB 120mm, Negro	https://www.amazon.com.mx/YEYIAN-Gabinete-Haizen-Negro-YCH-041520/dp/B08HSPFD32/ref=sr_1_4?dib=eyJ2IjoiMSJ9.k7KMbTlJSVQ2pArJjBraxKsX8LZJYGil6mWuX4iSrSNdvXc32_GX_wr0mGMAx_64j5Ud38rLmh-Yz6h06oS87u2DXcXVqDaFlIVvR2cmePtt5JvmInhFeAP_v3QDmrRVPSCcgQnuUv7vw9oLv0PxTSr4MyFA2nBuQ6WDgmDjEZ1n0dU48VDSmWFYez88AngP-0r1KQiS28BuMuDnWCzBcNI6lswdojf3X93ZW8TfS9uvgXQGF778TlMQRgpz3dO8huTmc84kzZN1aQ3C76TjI9ETpWKg5RdoK7ppQu7HW1s.--GArzPo6tIjM-_Un-G-InbKh3v6apHxDFm7CfSdevY&dib_tag=se&keywords=Gabinete+computadora&qid=1715897865&sr=8-4&ufe=app_do%3Aamzn1.fos.628a2120-cf12-4882-b7cf-30e681beb181
Amazon	GAB	Gabinete computadora	762.0	GETTTECH Gabinete Gaming ATX, Micro ATX, Mini ITX, con Panel Frontal de Malla, 7 Ranuras de Expansión y USB 3.0. Negro.	https://www.amazon.com.mx/GETTTECH-Gabinete-Gaming-Frontal-GCM-ASGX1-01BK/dp/B0CHTYLYHM/ref=sr_1_5?dib=eyJ2IjoiMSJ9.k7KMbTlJSVQ2pArJjBraxKsX8LZJYGil6mWuX4iSrSNdvXc32_GX_wr0mGMAx_64j5Ud38rLmh-Yz6h06oS87u2DXcXVqDaFlIVvR2cmePtt5JvmInhFeAP_v3QDmrRVPSCcgQnuUv7vw9oLv0PxTSr4MyFA2nBuQ6WDgmDjEZ1n0dU48VDSmWFYez88AngP-0r1KQiS28BuMuDnWCzBcNI6lswdojf3X93ZW8TfS9uvgXQGF778TlMQRgpz3dO8huTmc84kzZN1aQ3C76TjI9ETpWKg5RdoK7ppQu7HW1s.--GArzPo6tIjM-_Un-G-InbKh3v6apHxDFm7CfSdevY&dib_tag=se&keywords=Gabinete+computadora&qid=1715897865&sr=8-5&ufe=app_do%3Aamzn1.fos.628a2120-cf12-4882-b7cf-30e681beb181
Amazon	SSD	SSD 2TB	1911.45	Kingston SSD Externo XS1000 Capacidad: 2000GB USB 3.2 Gen 2 Lectura: 1050MB/s y Escritura: 1000MB/s (SXS1000/2000G)	https://www.amazon.com.mx/Kingston-SSD-Externo-XS1000-Capacidad/dp/B0CCQG7RS8/ref=sr_1_1?dib=eyJ2IjoiMSJ9.hooLJwxNRDN5JrlH6TCU42SIFTrKpDzT15-j8k-T-e9vAn9ep12R23g0qh_yfVAG1DQ46KttgLs_9MDvCt1eAJ2swXklmmveAvBH-o_9RhT-47KhNagAHBnB4PafBX7pAhY5486eMUOwXyCAxF8uZIezQT7Pu-GqtcMU6zLph0tfJwHyxfKqx_wLf7s7XXhS_JE6plwct-uJ6kyBL1Wn6DHj1dUk7HysE3jIrhX6cTmCNw6k4PhOA5VzHrTXobjtnNAPiAVutXSAfSzCBjeKmZst1tc-JwjhKboLcgSImKk.e-z-dViYFSF8iJfmiYHIAD_tDG0I2IfYQT6WSxUiMvU&dib_tag=se&keywords=SSD+2TB&qid=1715897878&sr=8-1&ufe=app_do%3Aamzn1.fos.4e545b5e-1d45-498b-8193-a253464ffa47
Amazon	SSD	SSD 2TB	2180.0	"ADATA Ultimate SU630 1.92TB 3D NAND 2.5"" SATA III 6Gb/s Interno SSD (ASU630SS-1T92Q-R)"	https://www.amazon.com.mx/ADATA-Ultimate-SU630-1-92TB-Interno/dp/B0814GPG92/ref=sr_1_2?dib=eyJ2IjoiMSJ9.hooLJwxNRDN5JrlH6TCU42SIFTrKpDzT15-j8k-T-e9vAn9ep12R23g0qh_yfVAG1DQ46KttgLs_9MDvCt1eAJ2swXklmmveAvBH-o_9RhT-47KhNagAHBnB4PafBX7pAhY5486eMUOwXyCAxF8uZIezQT7Pu-GqtcMU6zLph0tfJwHyxfKqx_wLf7s7XXhS_JE6plwct-uJ6kyBL1Wn6DHj1dUk7HysE3jIrhX6cTmCNw6k4PhOA5VzHrTXobjtnNAPiAVutXSAfSzCBjeKmZst1tc-JwjhKboLcgSImKk.e-z-dViYFSF8iJfmiYHIAD_tDG0I2IfYQT6WSxUiMvU&dib_tag=se&keywords=SSD+2TB&qid=1715897878&sr=8-2&ufe=app_do%3Aamzn1.fos.4e545b5e-1d45-498b-8193-a253464ffa47
Amazon	SSD	SSD 2TB	1871.0	Kingston SSD NV2, Capacidad: 2000 GB, Factor de Forma: M.2 2280, Interfaz: NVMe PCIe Gen 4.0 x 4 Carriles, Lectura: 3500MB/s y Escritura: 2800MB/s, Numero de Parte: SNV2S/2000G	https://www.amazon.com.mx/Kingston-SSD-NV2-Capacidad-Escritura/dp/B0BDTC589G/ref=sr_1_3?dib=eyJ2IjoiMSJ9.hooLJwxNRDN5JrlH6TCU42SIFTrKpDzT15-j8k-T-e9vAn9ep12R23g0qh_yfVAG1DQ46KttgLs_9MDvCt1eAJ2swXklmmveAvBH-o_9RhT-47KhNagAHBnB4PafBX7pAhY5486eMUOwXyCAxF8uZIezQT7Pu-GqtcMU6zLph0tfJwHyxfKqx_wLf7s7XXhS_JE6plwct-uJ6kyBL1Wn6DHj1dUk7HysE3jIrhX6cTmCNw6k4PhOA5VzHrTXobjtnNAPiAVutXSAfSzCBjeKmZst1tc-JwjhKboLcgSImKk.e-z-dViYFSF8iJfmiYHIAD_tDG0I2IfYQT6WSxUiMvU&dib_tag=se&keywords=SSD+2TB&qid=1715897878&sr=8-3&ufe=app_do%3Aamzn1.fos.4e545b5e-1d45-498b-8193-a253464ffa47
Amazon	SSD	SSD 2TB	2147.31	Acer Unidad SSD Predator GM7 2TB M.2 NVME GEN4X4 7200MB/S (BL.9BWWR.119)	https://www.amazon.com.mx/Acer-Unidad-Predator-GEN4X4-BL-9BWWR-119/dp/B0CB8JJR7F/ref=sr_1_4?dib=eyJ2IjoiMSJ9.hooLJwxNRDN5JrlH6TCU42SIFTrKpDzT15-j8k-T-e9vAn9ep12R23g0qh_yfVAG1DQ46KttgLs_9MDvCt1eAJ2swXklmmveAvBH-o_9RhT-47KhNagAHBnB4PafBX7pAhY5486eMUOwXyCAxF8uZIezQT7Pu-GqtcMU6zLph0tfJwHyxfKqx_wLf7s7XXhS_JE6plwct-uJ6kyBL1Wn6DHj1dUk7HysE3jIrhX6cTmCNw6k4PhOA5VzHrTXobjtnNAPiAVutXSAfSzCBjeKmZst1tc-JwjhKboLcgSImKk.e-z-dViYFSF8iJfmiYHIAD_tDG0I2IfYQT6WSxUiMvU&dib_tag=se&keywords=SSD+2TB&qid=1715897878&sr=8-4&ufe=app_do%3Aamzn1.fos.4e545b5e-1d45-498b-8193-a253464ffa47
Amazon	SSD	SSD 2TB	2207.0	ACER - Unidad de Estado Sólido Gaming Gen4 - Predator GM7000-2TB - Lectura: 7400MB/s y Escritura: 6700MB/s - NVMe Gen4x4	https://www.amazon.com.mx/Acer-Unidad-Predator-GM7000-BL-9BWWR-106/dp/B09F5W62N8/ref=sr_1_5?dib=eyJ2IjoiMSJ9.hooLJwxNRDN5JrlH6TCU42SIFTrKpDzT15-j8k-T-e9vAn9ep12R23g0qh_yfVAG1DQ46KttgLs_9MDvCt1eAJ2swXklmmveAvBH-o_9RhT-47KhNagAHBnB4PafBX7pAhY5486eMUOwXyCAxF8uZIezQT7Pu-GqtcMU6zLph0tfJwHyxfKqx_wLf7s7XXhS_JE6plwct-uJ6kyBL1Wn6DHj1dUk7HysE3jIrhX6cTmCNw6k4PhOA5VzHrTXobjtnNAPiAVutXSAfSzCBjeKmZst1tc-JwjhKboLcgSImKk.e-z-dViYFSF8iJfmiYHIAD_tDG0I2IfYQT6WSxUiMvU&dib_tag=se&keywords=SSD+2TB&qid=1715897878&sr=8-5&ufe=app_do%3Aamzn1.fos.4e545b5e-1d45-498b-8193-a253464ffa47
Amazon	RAM	DDR5 RAM 64 Gb	4503.51	Corsair Vengeance RGB DDR5 RAM 64 GB (2 x 32 GB) 6400 MHz CL32 Intel XMP iCUE Compatible con Memoria de computadora - Negro (CMH64GX5M2B6400C32)	https://www.amazon.com.mx/Corsair-Vengeance-Compatible-Memoria-computadora/dp/B0C1RGLVZ8/ref=sr_1_1?dib=eyJ2IjoiMSJ9.5OTvzZEim74hLHUDWLE6hXNjcXOv9Qd7QOZ6UABiknYa7NfByINIHy-4GMnAFyfs2LO3sxWi3AztfUk2ry1v1RObvWxT1AjqHoY6HZB_iczZpkWDyH5ee4YoHlvlpcGVAgTyrycV5MLc9vrbeDqLuLqLgXnO70YN2aNHHQDE4cEhn4TFh3uGo5wT0AN2ijleROgV23tgI8kWgGq2_pVZctHJPfV4kxGaXvzNanb4kMhSXYkwpoKShO4H-CimdzqeAO1pVt_u9_aPrdJZQMNjoCJcvyM9M5yopLMIRAARqbw.4EvtVcctxSTH4hY_vPCFNeB0YNHLXENLW4LXmmRXVx4&dib_tag=se&keywords=ddr5+ram+64gb&qid=1715897890&sr=8-1&ufe=app_do%3Aamzn1.fos.d6a47de5-06cb-4416-9abc-48deac71c815
Amazon	RAM	DDR5 RAM 64 Gb	3296.62	Corsair Vengeance RGB DDR5 RAM de 64 GB (2 x 32 GB) 5200 MHz CL40 Intel XMP iCUE Compatible con Memoria de computadora - Blanco (CMH64GX5M2B5200C40W)	https://www.amazon.com.mx/Corsair-Vengeance-Compatible-Memoria-computadora/dp/B0BTD32168/ref=sr_1_2?dib=eyJ2IjoiMSJ9.5OTvzZEim74hLHUDWLE6hXNjcXOv9Qd7QOZ6UABiknYa7NfByINIHy-4GMnAFyfs2LO3sxWi3AztfUk2ry1v1RObvWxT1AjqHoY6HZB_iczZpkWDyH5ee4YoHlvlpcGVAgTyrycV5MLc9vrbeDqLuLqLgXnO70YN2aNHHQDE4cEhn4TFh3uGo5wT0AN2ijleROgV23tgI8kWgGq2_pVZctHJPfV4kxGaXvzNanb4kMhSXYkwpoKShO4H-CimdzqeAO1pVt_u9_aPrdJZQMNjoCJcvyM9M5yopLMIRAARqbw.4EvtVcctxSTH4hY_vPCFNeB0YNHLXENLW4LXmmRXVx4&dib_tag=se&keywords=ddr5+ram+64gb&qid=1715897890&sr=8-2&ufe=app_do%3Aamzn1.fos.4e545b5e-1d45-498b-8193-a253464ffa47
Amazon	RAM	DDR5 RAM 64 Gb	3299.0	Corsair Vengeance RGB DDR5 RAM 64GB (2x32GB) 5200MHz CL40 AMD Expo iCUE Compatible Computer Memory - Gray (CMH64GX5M2B5200Z40K)	https://www.amazon.com.mx/Corsair-Vengeance-Optimized-Regulaci%C3%B3n-Compatibilidad/dp/B0BHVFDK3L/ref=sr_1_3?dib=eyJ2IjoiMSJ9.5OTvzZEim74hLHUDWLE6hXNjcXOv9Qd7QOZ6UABiknYa7NfByINIHy-4GMnAFyfs2LO3sxWi3AztfUk2ry1v1RObvWxT1AjqHoY6HZB_iczZpkWDyH5ee4YoHlvlpcGVAgTyrycV5MLc9vrbeDqLuLqLgXnO70YN2aNHHQDE4cEhn4TFh3uGo5wT0AN2ijleROgV23tgI8kWgGq2_pVZctHJPfV4kxGaXvzNanb4kMhSXYkwpoKShO4H-CimdzqeAO1pVt_u9_aPrdJZQMNjoCJcvyM9M5yopLMIRAARqbw.4EvtVcctxSTH4hY_vPCFNeB0YNHLXENLW4LXmmRXVx4&dib_tag=se&keywords=ddr5+ram+64gb&qid=1715897890&sr=8-3&ufe=app_do%3Aamzn1.fos.8c7b929b-80a3-4a0f-851f-6de37ce634c2
Amazon	RAM	DDR5 RAM 64 Gb	3640.0	Corsair Vengeance RGB DDR5 RAM 64GB (2x32GB) 5600MHz CL40 AMD Expo iCUE Memoria de computadora Compatible - Gris (CMH64GX5M2B5600Z40K)	https://www.amazon.com.mx/Corsair-Vengeance-5600MHz-Compatible-Computer/dp/B0BHVFBFMH/ref=sr_1_4?dib=eyJ2IjoiMSJ9.5OTvzZEim74hLHUDWLE6hXNjcXOv9Qd7QOZ6UABiknYa7NfByINIHy-4GMnAFyfs2LO3sxWi3AztfUk2ry1v1RObvWxT1AjqHoY6HZB_iczZpkWDyH5ee4YoHlvlpcGVAgTyrycV5MLc9vrbeDqLuLqLgXnO70YN2aNHHQDE4cEhn4TFh3uGo5wT0AN2ijleROgV23tgI8kWgGq2_pVZctHJPfV4kxGaXvzNanb4kMhSXYkwpoKShO4H-CimdzqeAO1pVt_u9_aPrdJZQMNjoCJcvyM9M5yopLMIRAARqbw.4EvtVcctxSTH4hY_vPCFNeB0YNHLXENLW4LXmmRXVx4&dib_tag=se&keywords=ddr5+ram+64gb&qid=1715897890&sr=8-4&ufe=app_do%3Aamzn1.fos.4e545b5e-1d45-498b-8193-a253464ffa47
Amazon	RAM	DDR5 RAM 64 Gb	3989.05	Corsair Vengeance RGB DDR5 RAM 64GB (2x32GB) 6000MHz CL40 AMD Expo iCUE Compatible Computer Memory - Gray (CMH64GX5M2B6000Z40)	https://www.amazon.com.mx/Corsair-Vengeance-6000MHz-Compatible-Computer/dp/B0BLYL79TT/ref=sr_1_5?dib=eyJ2IjoiMSJ9.5OTvzZEim74hLHUDWLE6hXNjcXOv9Qd7QOZ6UABiknYa7NfByINIHy-4GMnAFyfs2LO3sxWi3AztfUk2ry1v1RObvWxT1AjqHoY6HZB_iczZpkWDyH5ee4YoHlvlpcGVAgTyrycV5MLc9vrbeDqLuLqLgXnO70YN2aNHHQDE4cEhn4TFh3uGo5wT0AN2ijleROgV23tgI8kWgGq2_pVZctHJPfV4kxGaXvzNanb4kMhSXYkwpoKShO4H-CimdzqeAO1pVt_u9_aPrdJZQMNjoCJcvyM9M5yopLMIRAARqbw.4EvtVcctxSTH4hY_vPCFNeB0YNHLXENLW4LXmmRXVx4&dib_tag=se&keywords=ddr5+ram+64gb&qid=1715897890&sr=8-5&ufe=app_do%3Aamzn1.fos.8c7b929b-80a3-4a0f-851f-6de37ce634c2
Amazon	COOL	MSI MAG CORELIQUID E360	2814.94	MSI MAG CORELIQUID E360 - Enfriador líquido para CPU AIO RGB - Radiador de 360 mm - 3 ventiladores ARGB PWN de 120 mm	https://www.amazon.com.mx/MSI-MAG-CORELIQUID-E360-ventiladores/dp/B0CJ636ZTH/ref=sr_1_1?dib=eyJ2IjoiMSJ9.dNpNx0QAVmApD3Ebj2ongAMo0OAzR49K0S-bpHSgPkp-1-XcZbQpaDgulzhv1a_MhYt5O_TfJqdWNuvVcj6kFX7JrUGE5lGNdtxDYWoL2SY457xvWBES1liqqx0zl7ah9lNb9su7bNxzm12IqaS-bE2PLaFzNdZxzDbvGMkBWj76NKkcRQMFSW3EN1_c4-FS0bI7w83EdfdpbtPgS2bv0UtDGnIt2CntoTRlVsUG_WAh-MEbZNTlejmjoFdsvT9n8FEbhie1eaD8Uh2mD2r6HryZAdEpZsnSHGOFeXYYyiI.LCwMGSDeoYwaew19_7y7KO27KTxu-aUkiPrdo1J3nCo&dib_tag=se&keywords=MSI+MAG+CORELIQUID+E360&qid=1715897903&sr=8-1&ufe=app_do%3Aamzn1.fos.a9e70178-7411-4f75-8d83-e6796a165895
Amazon	COOL	MSI MAG CORELIQUID E360	1714.77	MSI MAG CORELIQUID C360 Refrigeración Líquida CPU AIO - Excepcional Blockhead ARGB, Bomba de Radiador Integrada, Flujo Dividido, Tubería a Prueba de Evaporación, Fácil de Instalar - Admite AMD e Intel	https://www.amazon.com.mx/MSI-CORELIQUID-Ventilador-Soporte-soporta/dp/B0992176M7/ref=sr_1_2?dib=eyJ2IjoiMSJ9.dNpNx0QAVmApD3Ebj2ongAMo0OAzR49K0S-bpHSgPkp-1-XcZbQpaDgulzhv1a_MhYt5O_TfJqdWNuvVcj6kFX7JrUGE5lGNdtxDYWoL2SY457xvWBES1liqqx0zl7ah9lNb9su7bNxzm12IqaS-bE2PLaFzNdZxzDbvGMkBWj76NKkcRQMFSW3EN1_c4-FS0bI7w83EdfdpbtPgS2bv0UtDGnIt2CntoTRlVsUG_WAh-MEbZNTlejmjoFdsvT9n8FEbhie1eaD8Uh2mD2r6HryZAdEpZsnSHGOFeXYYyiI.LCwMGSDeoYwaew19_7y7KO27KTxu-aUkiPrdo1J3nCo&dib_tag=se&keywords=MSI+MAG+CORELIQUID+E360&qid=1715897903&sr=8-2&ufe=app_do%3Aamzn1.fos.4e545b5e-1d45-498b-8193-a253464ffa47
Amazon	COOL	MSI MAG CORELIQUID E360	2679.45	MSI - Enfriamiento Líquido para CPU - MAG CORELIQUID 360R V2 - 120 x 120 x 25mm - 500 ~ 2000 RPM - (Compartible Hasta LGA 1700)	https://www.amazon.com.mx/MSI-MAG-Core-Liquid-360R/dp/B09HRNPNTD/ref=sr_1_3?dib=eyJ2IjoiMSJ9.dNpNx0QAVmApD3Ebj2ongAMo0OAzR49K0S-bpHSgPkp-1-XcZbQpaDgulzhv1a_MhYt5O_TfJqdWNuvVcj6kFX7JrUGE5lGNdtxDYWoL2SY457xvWBES1liqqx0zl7ah9lNb9su7bNxzm12IqaS-bE2PLaFzNdZxzDbvGMkBWj76NKkcRQMFSW3EN1_c4-FS0bI7w83EdfdpbtPgS2bv0UtDGnIt2CntoTRlVsUG_WAh-MEbZNTlejmjoFdsvT9n8FEbhie1eaD8Uh2mD2r6HryZAdEpZsnSHGOFeXYYyiI.LCwMGSDeoYwaew19_7y7KO27KTxu-aUkiPrdo1J3nCo&dib_tag=se&keywords=MSI+MAG+CORELIQUID+E360&qid=1715897903&sr=8-3&ufe=app_do%3Aamzn1.fos.d6a47de5-06cb-4416-9abc-48deac71c815
Amazon	COOL	MSI MAG CORELIQUID E360	2930.9	MSI MAG CORELIQUID E360 AIO CPU refrigeración por agua - Placa de refrigeración de cobre ampliada, ventilador ARGB Blockhead & FDB, bloque de agua de dos cámaras, radiador de flujo dividido, Mystic	https://www.amazon.com.mx/MSI-CORELIQUID-E360-refrigeraci%C3%B3n-agua/dp/B0CC5F5Q7G/ref=sr_1_4?dib=eyJ2IjoiMSJ9.dNpNx0QAVmApD3Ebj2ongAMo0OAzR49K0S-bpHSgPkp-1-XcZbQpaDgulzhv1a_MhYt5O_TfJqdWNuvVcj6kFX7JrUGE5lGNdtxDYWoL2SY457xvWBES1liqqx0zl7ah9lNb9su7bNxzm12IqaS-bE2PLaFzNdZxzDbvGMkBWj76NKkcRQMFSW3EN1_c4-FS0bI7w83EdfdpbtPgS2bv0UtDGnIt2CntoTRlVsUG_WAh-MEbZNTlejmjoFdsvT9n8FEbhie1eaD8Uh2mD2r6HryZAdEpZsnSHGOFeXYYyiI.LCwMGSDeoYwaew19_7y7KO27KTxu-aUkiPrdo1J3nCo&dib_tag=se&keywords=MSI+MAG+CORELIQUID+E360&qid=1715897903&sr=8-4&ufe=app_do%3Aamzn1.fos.4e545b5e-1d45-498b-8193-a253464ffa47
Amazon	COOL	MSI MAG CORELIQUID E360	2930.9	MSI MAG CORELIQUID E360 WHITE - Enfriador líquido de CPU - Placa fría de cobre ampliado, cabezal de bloqueo ARGB y ventiladores FDB, bloque de agua de doble cámara, radiador de flujo dividido, compatible con luz mística, compatible con AMD e Intel	https://www.amazon.com.mx/MSI-MAG-CORELIQUID-E360-WHITE/dp/B0CC59QRPW/ref=sr_1_5?dib=eyJ2IjoiMSJ9.dNpNx0QAVmApD3Ebj2ongAMo0OAzR49K0S-bpHSgPkp-1-XcZbQpaDgulzhv1a_MhYt5O_TfJqdWNuvVcj6kFX7JrUGE5lGNdtxDYWoL2SY457xvWBES1liqqx0zl7ah9lNb9su7bNxzm12IqaS-bE2PLaFzNdZxzDbvGMkBWj76NKkcRQMFSW3EN1_c4-FS0bI7w83EdfdpbtPgS2bv0UtDGnIt2CntoTRlVsUG_WAh-MEbZNTlejmjoFdsvT9n8FEbhie1eaD8Uh2mD2r6HryZAdEpZsnSHGOFeXYYyiI.LCwMGSDeoYwaew19_7y7KO27KTxu-aUkiPrdo1J3nCo&dib_tag=se&keywords=MSI+MAG+CORELIQUID+E360&qid=1715897903&sr=8-5&ufe=app_do%3Aamzn1.fos.4e545b5e-1d45-498b-8193-a253464ffa47
Amazon	PSU	PSU 850W 80 PLUS Gold	1949.0	CORSAIR RM850e (2023) Fuente de Alimentación ATX Totalmente Modular de Bajo Ruido - Compatible con ATX 3.0 y PCIe 5.0 - Eficiencia 80 Plus Gold - Soporte para Modo de Espera Moderno - Negro	https://www.amazon.com.mx/CORSAIR-RM850e-Alimentaci%C3%B3n-Totalmente-Modular/dp/B0BYQPH5J3/ref=sr_1_1?dib=eyJ2IjoiMSJ9.SVcG29RrFHwtf3TO-APMctuudx4uF01bc9myzLMFGx4Qti5cNwO9rYXyKe9dMy9ddWg2L8ZtVlTpd4sbGycnthXSwk0xrFqv0VilubjFnLa8nOsqt6-e4GAUhmgV3gc-90zhsEZV5ZXlm63GGFpjOjRE9WH0zgnQAkmZtA6KVKtqLV-XeNH8qlBvdC_NI9gXiH42gWCBE56N7ntlqCHQDGkkm2qZQlIGHK6puvOOMPmzRhka9m-7EUIE5K5Hivne12lNE61XJ0dY8AKliS1v_DQlyjhSokj0XXnaET5Dqg8.sikgbmL4clMr0S7PB2WEuAPAqgGAL3wJdUKHaVEOEyA&dib_tag=se&keywords=PSU+850W+80+PLUS+Gold&qid=1715897914&sr=8-1&ufe=app_do%3Aamzn1.fos.106a5c47-3834-496c-bc96-2470107b82ca
Amazon	PSU	PSU 850W 80 PLUS Gold	2029.0	Corsair RM850x 80 Plus Gold Fuente de Alimentación 850 Vatios ATX Totalmente Modular (Ventilador con Levitación Magnética de 135 mm, Condensadores Japoneses, Amplia Compatibilidad) EU, Negro	https://www.amazon.com.mx/Corsair-RM850x-alimentaci%C3%B3n-Totalmente-Modular/dp/B08R5JPTMZ/ref=sr_1_2?dib=eyJ2IjoiMSJ9.SVcG29RrFHwtf3TO-APMctuudx4uF01bc9myzLMFGx4Qti5cNwO9rYXyKe9dMy9ddWg2L8ZtVlTpd4sbGycnthXSwk0xrFqv0VilubjFnLa8nOsqt6-e4GAUhmgV3gc-90zhsEZV5ZXlm63GGFpjOjRE9WH0zgnQAkmZtA6KVKtqLV-XeNH8qlBvdC_NI9gXiH42gWCBE56N7ntlqCHQDGkkm2qZQlIGHK6puvOOMPmzRhka9m-7EUIE5K5Hivne12lNE61XJ0dY8AKliS1v_DQlyjhSokj0XXnaET5Dqg8.sikgbmL4clMr0S7PB2WEuAPAqgGAL3wJdUKHaVEOEyA&dib_tag=se&keywords=PSU+850W+80+PLUS+Gold&qid=1715897914&sr=8-2&ufe=app_do%3Aamzn1.fos.8c7b929b-80a3-4a0f-851f-6de37ce634c2
Amazon	PSU	PSU 850W 80 PLUS Gold	2119.0	Corsair RM850 2021, RM Series, 850 Watts 80 Plus Gold Fuente de Alimentación ATX Totalmente Modular, Conectores Triples EPS12V, Poco Ruido, Modo de Zero RPM, Condensadores de 105 °C, Blanco	https://www.amazon.com.mx/Corsair-certificaci%C3%B3n-alimentaci%C3%B3n-Totalmente-Modular/dp/B093RCJRNS/ref=sr_1_3?dib=eyJ2IjoiMSJ9.SVcG29RrFHwtf3TO-APMctuudx4uF01bc9myzLMFGx4Qti5cNwO9rYXyKe9dMy9ddWg2L8ZtVlTpd4sbGycnthXSwk0xrFqv0VilubjFnLa8nOsqt6-e4GAUhmgV3gc-90zhsEZV5ZXlm63GGFpjOjRE9WH0zgnQAkmZtA6KVKtqLV-XeNH8qlBvdC_NI9gXiH42gWCBE56N7ntlqCHQDGkkm2qZQlIGHK6puvOOMPmzRhka9m-7EUIE5K5Hivne12lNE61XJ0dY8AKliS1v_DQlyjhSokj0XXnaET5Dqg8.sikgbmL4clMr0S7PB2WEuAPAqgGAL3wJdUKHaVEOEyA&dib_tag=se&keywords=PSU+850W+80+PLUS+Gold&qid=1715897914&sr=8-3&ufe=app_do%3Aamzn1.fos.8c7b929b-80a3-4a0f-851f-6de37ce634c2
Amazon	PSU	PSU 850W 80 PLUS Gold	1792.0	Cooler Master MWE Gold 850 V2 Full Modular, 850 W, 80+ Gold Efficience, 2 Conectores EPS, Ventilador HDB de 120 mm, Funcionamiento sin Ventilador, garantía de 5 años	https://www.amazon.com.mx/Cooler-Master-Totalmente-Resistencia-temperaturas/dp/B08M9M6DB9/ref=sr_1_4?dib=eyJ2IjoiMSJ9.SVcG29RrFHwtf3TO-APMctuudx4uF01bc9myzLMFGx4Qti5cNwO9rYXyKe9dMy9ddWg2L8ZtVlTpd4sbGycnthXSwk0xrFqv0VilubjFnLa8nOsqt6-e4GAUhmgV3gc-90zhsEZV5ZXlm63GGFpjOjRE9WH0zgnQAkmZtA6KVKtqLV-XeNH8qlBvdC_NI9gXiH42gWCBE56N7ntlqCHQDGkkm2qZQlIGHK6puvOOMPmzRhka9m-7EUIE5K5Hivne12lNE61XJ0dY8AKliS1v_DQlyjhSokj0XXnaET5Dqg8.sikgbmL4clMr0S7PB2WEuAPAqgGAL3wJdUKHaVEOEyA&dib_tag=se&keywords=PSU+850W+80+PLUS+Gold&qid=1715897914&sr=8-4&ufe=app_do%3Aamzn1.fos.4e545b5e-1d45-498b-8193-a253464ffa47
Amazon	PSU	PSU 850W 80 PLUS Gold	2009.0	MSI Fuente de alimentación para Juegos mag A850GL PCIE 5 y ATX 3.0 - Full Modular - 80 Plus Gold Certified 850W - Tamaño Compacto - ATX PSU	https://www.amazon.com.mx/MSI-Fuente-alimentaci%C3%B3n-Juegos-A850GL/dp/B0CB9MSJ5N/ref=sr_1_5?dib=eyJ2IjoiMSJ9.SVcG29RrFHwtf3TO-APMctuudx4uF01bc9myzLMFGx4Qti5cNwO9rYXyKe9dMy9ddWg2L8ZtVlTpd4sbGycnthXSwk0xrFqv0VilubjFnLa8nOsqt6-e4GAUhmgV3gc-90zhsEZV5ZXlm63GGFpjOjRE9WH0zgnQAkmZtA6KVKtqLV-XeNH8qlBvdC_NI9gXiH42gWCBE56N7ntlqCHQDGkkm2qZQlIGHK6puvOOMPmzRhka9m-7EUIE5K5Hivne12lNE61XJ0dY8AKliS1v_DQlyjhSokj0XXnaET5Dqg8.sikgbmL4clMr0S7PB2WEuAPAqgGAL3wJdUKHaVEOEyA&dib_tag=se&keywords=PSU+850W+80+PLUS+Gold&qid=1715897914&sr=8-5&ufe=app_do%3Aamzn1.fos.628a2120-cf12-4882-b7cf-30e681beb181
Cyberpuerta	CPU	AMD 7950X	9149.0	Procesador AMD Ryzen 9 7950X Radeon Graphics, S-AM5, 4.50GHz, 16-Core, 64MB Cache - No Incluye Disipador ― ¡Compra junto con una tarjeta de video AMD Radeon seleccionada y participa en el sorteo de un procesador y kit de memoria RAM!	https://www.cyberpuerta.mx/Computo-Hardware/Componentes/Procesadores/Procesadores-para-PC/Procesador-AMD-Ryzen-9-7950X-Radeon-Graphics-S-AM5-4-50GHz-16-Core-64MB-Cache-No-Incluye-Disipador.html
Cyberpuerta	MB	Tarjeta madre AM5 AMD	3389.0	Tarjeta Madre MSI ATX B650 GAMING PLUS WIFI, S-AM5, AMD B650, HDMI, 192GB DDR5 para AMD	https://www.cyberpuerta.mx/Computo-Hardware/Componentes/Tarjetas-Madre/Tarjeta-Madre-MSI-ATX-B650-GAMING-PLUS-WIFI-S-AM5-AMD-B650-HDMI-192GB-DDR5-para-AMD.html
Cyberpuerta	MB	Tarjeta madre AM5 AMD	2819.0	Tarjeta Madre MSI Micro-ATX B650M GAMING PLUS WIFI, S-AM5, AMD B650, HDMI, 256GB DDR5 para AMD	https://www.cyberpuerta.mx/Computo-Hardware/Componentes/Tarjetas-Madre/Tarjeta-Madre-MSI-Micro-ATX-B650M-GAMING-PLUS-WIFI-S-AM5-AMD-B650-HDMI-256GB-DDR5-para-AMD.html
Cyberpuerta	MB	Tarjeta madre AM5 AMD	2199.0	Tarjeta Madre MSI Micro-ATX PRO B650M-P, S-AM5, AMD B650, HDMI, 192GB DDR5 para AMD	https://www.cyberpuerta.mx/Computo-Hardware/Componentes/Tarjetas-Madre/Tarjeta-Madre-MSI-Micro-ATX-PRO-B650M-P-S-AM5-AMD-B650-HDMI-192GB-DDR5-para-AMD.html
Cyberpuerta	MB	Tarjeta madre AM5 AMD	1359.0	Tarjeta Madre MSI Micro-ATX PRO A620M-E, S-AM5, AMD A620, HDMI, 96GB DDR5 para AMD	https://www.cyberpuerta.mx/Computo-Hardware/Componentes/Tarjetas-Madre/Tarjeta-Madre-MSI-Mini-ATX-PRO-A620M-E-S-AM5-AMD-A620-HDMI-96GB-DDR5-para-AMD.html
Cyberpuerta	MB	Tarjeta madre AM5 AMD	3899.0	Tarjeta Madre MSI ATX MAG B650 TOMAHAWK WIFI, S-AM5, AMD B650, HDMI, 128GB DDR5 para AMD	https://www.cyberpuerta.mx/Computo-Hardware/Componentes/Tarjetas-Madre/Tarjeta-Madre-MSI-ATX-MAG-B650-TOMAHAWK-WIFI-S-AM5-AMD-B650-HDMI-128GB-DDR5-para-AMD.html
Cyberpuerta	MB	Tarjeta madre AM5 AMD	4259.0	Tarjeta Madre ASUS ATX TUF GAMING B650-PLUS WIFI, S-AM5, AMD B650, HDMI, 128GB DDR5 para AMD	https://www.cyberpuerta.mx/Computo-Hardware/Componentes/Tarjetas-Madre/Tarjeta-Madre-ASUS-ATX-TUF-GAMING-B650-PLUS-WIFI-S-AM5-AMD-B650-HDMI-128GB-DDR5-para-AMD.html
Cyberpuerta	MB	Tarjeta madre AM5 AMD	4129.0	Tarjeta Madre ASUS ATX PRIME X670-P, S-AM5, AMD X670, HDMI, 128GB DDR5 para AMD	https://www.cyberpuerta.mx/Computo-Hardware/Componentes/Tarjetas-Madre/Tarjeta-Madre-ASUS-ATX-PRIME-X670-P-S-AM5-AMD-X670-HDMI-128GB-DDR5-para-AMD.html
Cyberpuerta	MB	Tarjeta madre AM5 AMD	5769.0	Tarjeta Madre ASUS ATX ROG Strix B650-A GAMING WIFI, S-AM5, AMD B650, HDMI, 128GB DDR5 para AMD	https://www.cyberpuerta.mx/Computo-Hardware/Componentes/Tarjetas-Madre/Tarjeta-Madre-ASUS-ATX-ROG-Strix-B650-A-GAMING-WIFI-S-AM5-AMD-B650-HDMI-128GB-DDR5-para-AMD.html
Cyberpuerta	MB	Tarjeta madre AM5 AMD	3459.0	Tarjeta Madre MSI Micro-ATX PRO B650M-A WIFI, S-AM5, AMD B650, HDMI, 128GB DDR5 para AMD	https://www.cyberpuerta.mx/Computo-Hardware/Componentes/Tarjetas-Madre/Tarjeta-Madre-MSI-Micro-ATX-PRO-B650M-A-WIFI-S-AM5-AMD-B650-HDMI-128GB-DDR5-para-AMD.html
Cyberpuerta	MB	Tarjeta madre AM5 AMD	2799.0	Tarjeta Madre ASUS Micro-ATX TUF GAMING A620M-PLUS WIFI, S-AM5, AMD A620, HDMI, 128GB DDR5 para AMD	https://www.cyberpuerta.mx/Computo-Hardware/Componentes/Tarjetas-Madre/Tarjeta-Madre-ASUS-Micro-ATX-TUF-GAMING-A620M-PLUS-WIFI-S-AM5-AMD-A620-HDMI-128GB-DDR5-para-AMD.html
Cyberpuerta	MB	Tarjeta madre AM5 AMD	1879.0	Tarjeta Madre Gigabyte Micro-ATX A620M S2H, S-AM5, AMD A620, HDMI, 96GB DDR5 para AMD	https://www.cyberpuerta.mx/Computo-Hardware/Componentes/Tarjetas-Madre/Tarjeta-Madre-Gigabyte-Micro-ATX-A620M-S2H-S-AM5-AMD-A620-HDMI-96GB-DDR5-para-AMD.html
Cyberpuerta	MB	Tarjeta madre AM5 AMD	4809.0	Tarjeta Madre ASUS ATX TUF Gaming X670E Plus WiFi, S-AM5, AMD X670, HDMI, 128GB DDR5 para AMD	https://www.cyberpuerta.mx/Computo-Hardware/Componentes/Tarjetas-Madre/Tarjeta-Madre-ASUS-ATX-TUF-Gaming-X670E-Plus-WiFi-S-AM5-AMD-X670-HDMI-128GB-DDR5-para-AMD.html
Cyberpuerta	GPU	4070 Ti Super	15369.0	Tarjeta de Video PNY NVIDIA GeForce RTX 4070 Ti SUPER 16GB VERTO OC Triple Fan DLSS 3, 16GB 256-bit GDDR6X, PCI Express 4.0 x16	https://www.cyberpuerta.mx/Computo-Hardware/Componentes/Tarjetas-de-Video/Tarjeta-de-Video-PNY-NVIDIA-GeForce-RTX-4070-Ti-SUPER-16GB-VERTO-OC-Triple-Fan-DLSS-3-16GB-256-bit-GDDR6X-PCI-Express-4-0-x16.html
Cyberpuerta	GPU	4070 Ti Super	16179.0	Tarjeta de Video Gigabyte NVIDIA GeForce RTX 4070 Ti SUPER WINDFORCE OC 16G, 16GB, 256-bit GDDR6X, PCI Express 4.0	https://www.cyberpuerta.mx/Computo-Hardware/Componentes/Tarjetas-de-Video/Tarjeta-de-Video-Gigabyte-NVIDIA-GeForce-RTX-4070-Ti-SUPER-WINDFORCE-OC-16G-16GB-256-bit-GDDR6X-PCI-Express-4-0.html
Cyberpuerta	GPU	4070 Ti Super	17509.0	Tarjeta de Video ASUS TUF NVIDIA GeForce RTX 4070 Ti Super OC Gaming, 16GB 256-bit GDDR6X, PCI Express 4.0	https://www.cyberpuerta.mx/Computo-Hardware/Componentes/Tarjetas-de-Video/Tarjeta-de-Video-ASUS-TUF-NVIDIA-GeForce-RTX-4070-Ti-Super-OC-Gaming-16GB-256-bit-GDDR6X-PCI-Express-4-0.html
Cyberpuerta	GPU	4070 Ti Super	17809.0	Tarjeta de Video ASUS NVIDIA TUF Gaming GeForce RTX 4070 Ti SUPER O16GB DLSS 3, 16GB 256-bit GDDR6X, PCI Express 4.0	https://www.cyberpuerta.mx/Computo-Hardware/Componentes/Tarjetas-de-Video/Tarjeta-de-Video-ASUS-NVIDIA-TUF-Gaming-GeForce-RTX-4070-Ti-SUPER-O16GB-DLSS-3-16GB-256-bit-GDDR6X-PCI-Express-4-0.html
Cyberpuerta	GPU	4070 Ti Super	15759.0	Tarjeta de Video PNY NVIDIA GeForce RTX 4070 Ti SUPER 16GB XLR8 Gaming VERTO EPIC-X RGB OC Triple Fan DLSS 3, 16GB 256-bit GDDR6X, PCI Express 4.0 x16	https://www.cyberpuerta.mx/Computo-Hardware/Componentes/Tarjetas-de-Video/Tarjeta-de-Video-PNY-NVIDIA-GeForce-RTX-4070-Ti-SUPER-16GB-XLR8-Gaming-VERTO-EPIC-X-RGB-OC-Triple-Fan-DLSS-3-16GB-256-bit-GDDR6X-PCI-Express-4-0-x16.html
Cyberpuerta	GPU	4070 Ti Super	16379.0	Tarjeta de Video Gigabyte NVIDIA GeForce RTX 4070 Ti SUPER GAMING OC 16G, 16GB, 256-bit GDDR6X, PCI Express 4.0	https://www.cyberpuerta.mx/Computo-Hardware/Componentes/Tarjetas-de-Video/Tarjeta-de-Video-Gigabyte-NVIDIA-GeForce-RTX-4070-Ti-GAMING-OC-16G-16GB-256-bit-GDDR6X-PCI-Express-4-0.html
Cyberpuerta	GPU	4070 Ti Super	16269.0	Tarjeta de Video Gigabyte NVIDIA GeForce RTX 4070 Ti SUPER EAGLE OC 16G, 16GB 256-bit GDDR6X, PCI Express 4.0	https://www.cyberpuerta.mx/Computo-Hardware/Componentes/Tarjetas-de-Video/Tarjeta-de-Video-Gigabyte-NVIDIA-GeForce-RTX-4070-Ti-SUPER-EAGLE-OC-16G-16GB-256-bit-GDDR6X-PCI-Express-4-0.html
Cyberpuerta	GPU	4070 Ti Super	15179.0	Tarjeta de Video Zotac NVIDIA GAMING GeForce RTX 4070 Ti SUPER Trinity, 16GB 256-bit GDDR6X, PCI Express 4.0 x16	https://www.cyberpuerta.mx/Computo-Hardware/Componentes/Tarjetas-de-Video/Tarjeta-de-Video-Zotac-NVIDIA-GAMING-GeForce-RTX-4070-Ti-SUPER-Trinity-16GB-256-bit-GDDR6X-PCI-Express-4-0-x16.html
Cyberpuerta	GPU	4070 Ti Super	15539.0	Tarjeta de Video ASUS NVIDIA TUF Gaming GeForce RTX 4070 Ti SUPER, 16GB 256-bit GDDR6X, PCI Express 4.0	https://www.cyberpuerta.mx/Computo-Hardware/Componentes/Tarjetas-de-Video/Tarjeta-de-Video-ASUS-NVIDIA-TUF-Gaming-GeForce-RTX-4070-Ti-SUPER-16GB-256-bit-GDDR6X-PCI-Express-4-0.html
Cyberpuerta	GPU	4070 Ti Super	16129.0	Tarjeta de Video MSI NVIDIA GeForce RTX 4070 Ti SUPER 16G VENTUS 3X OC, 16GB 256-bit GDDR6X, PCI Express x16 4.0	https://www.cyberpuerta.mx/Computo-Hardware/Componentes/Tarjetas-de-Video/Tarjeta-de-Video-MSI-NVIDIA-GeForce-RTX-4070-Ti-SUPER-16G-VENTUS-3X-OC-16GB-256-bit-GDDR6X-PCI-Express-x16-4-0.html
Cyberpuerta	GPU	4070 Ti Super	17389.0	Tarjeta de Video Zotac NVIDIA GAMING GeForce RTX 4070 Ti SUPER AMP HOLO, 16GB 256-bit GDDR6X, PCI Express 4.0 x16	https://www.cyberpuerta.mx/Computo-Hardware/Componentes/Tarjetas-de-Video/Tarjeta-de-Video-Zotac-NVIDIA-GAMING-GeForce-RTX-4070-Ti-SUPER-AMP-HOLO-16GB-256-bit-GDDR6X-PCI-Express-4-0-x16.html
Cyberpuerta	GPU	4070 Ti Super	17989.0	Tarjeta de Video ASUS NVIDIA GeForce RTX 4070 Ti SUPER, 16GB 256-bit GDDR6X, PCI Express 4.0	https://www.cyberpuerta.mx/Computo-Hardware/Componentes/Tarjetas-de-Video/90YV0KF2-M0AA00.html
Cyberpuerta	GPU	4070 Ti Super	20959.0	Tarjeta de Video ASUS NVIDIA ROG Strix GeForce RTX 4070 Ti SUPER OC, 16GB 256-bit GDDR6X, PCI Express 4.0	https://www.cyberpuerta.mx/Computo-Hardware/Componentes/Tarjetas-de-Video/Tarjeta-de-Video-ASUS-NVIDIA-ROG-Strix-GeForce-RTX-4070-Ti-SUPER-OC-16GB-256-bit-GDDR6X-PCI-Express-4-0.html
Cyberpuerta	GPU	4070 Ti Super	18689.0	Tarjeta de Video Gigabyte NVIDIA GeForce RTX 4070 Ti SUPER AERO OC 16G, 16GB 256-bit GDDR6X, PCI Express 4.0	https://www.cyberpuerta.mx/Computo-Hardware/Componentes/Tarjetas-de-Video/Tarjeta-de-Video-Gigabyte-NVIDIA-GeForce-RTX-4070-Ti-SUPER-AERO-OC-16G-16GB-256-bit-GDDR6X-PCI-Express-4-0.html
Cyberpuerta	GPU	4070 Ti Super	17919.0	Tarjeta de Video Zotac NVIDIA GeForce RTX 4070 Ti SUPER Trinity OC White, 16GB 256-bit GDDR6X, PCI Express 4.0	https://www.cyberpuerta.mx/Computo-Hardware/Componentes/Tarjetas-de-Video/Tarjeta-de-Video-Zotac-NVIDIA-GeForce-RTX-4070-Ti-SUPER-Trinity-OC-White-16GB-256-bit-GDDR6X-PCI-Express-4-0.html
Cyberpuerta	GAB	Gabinete computadora	458.0	Gabinete Vorago GAB-101K, Midi-Tower, ATX/Micro-ATX/Mini-ITX, USB 2.0, Negro, incluye Fuente de 500W ― ¡Compra más de $500 en productos de la marca y participa por una Laptop ALPHA PLUS!	https://www.cyberpuerta.mx/Computo-Hardware/Componentes/Gabinetes/Gabinete-Vorago-GAB-101K-Midi-Tower-ATX-Micro-ATX-Mini-ITX-USB-2-0-Negro-incluye-Fuente-de-500W.html
Cyberpuerta	GAB	Gabinete computadora	1149.0	Gabinete Batauro NHYO con Ventana, Midi-Tower, ITX/ Micro-ATX/ ATX, USB 3.0, sin Fuente, 1 Ventilador RGB Instalado, Negro/Blanco	https://www.cyberpuerta.mx/Computo-Hardware/Componentes/Gabinetes/Gabinete-Batauro-NHYO-con-Ventana-Midi-Tower-ITX-Micro-ATX-ATX-USB-3-0-sin-Fuente-1-Ventilador-RGB-Instalado-Negro-Blanco.html
Cyberpuerta	GAB	Gabinete computadora	1189.0	Gabinete Batauro Pegaso con Ventana, Midi-Tower, ATX/EATX/Micro-ATX/Mini-ATX, USB 3.0/2.0, sin Fuente, 4 Ventiladores ARGB Instalados, Negro	https://www.cyberpuerta.mx/Computo-Hardware/Componentes/Gabinetes/Gabinete-Batauro-Pegaso-con-Ventana-Midi-Tower-ATX-EATX-Micro-ATX-Mini-ATX-USB-3-0-2-0-sin-Fuente-4-Ventiladores-ARGB-Instalados-Negro.html
Cyberpuerta	GAB	Gabinete computadora	529.0	Gabinete Evotec Bardi, Full-Tower, ATX/Mini ATX/Micro ATX, USB 2.0, con Fuente de 600W, sin Ventiladores Instalados, Negro	https://www.cyberpuerta.mx/Computo-Hardware/Componentes/Gabinetes/Gabinete-Evotec-Bardi-Full-Tower-ATX-Mini-ATX-Micro-ATX-USB-2-0-con-Fuente-de-600W-sin-Ventiladores-Instalados-Negro.html
Cyberpuerta	GAB	Gabinete computadora	1379.0	Gabinete Corsair SPEC-05 con Ventana LED Rojo, Midi-Tower, ATX, USB 3.0, con Fuente de 550W, 1 Ventilador Instalado, Negro	https://www.cyberpuerta.mx/Computo-Hardware/Componentes/Gabinetes/Gabinete-Corsair-SPEC-05-con-Ventana-LED-Rojo-Midi-Tower-ATX-USB-3-0-con-Fuente-de-550W-1-Ventilador-Instalado-Negro.html
Cyberpuerta	GAB	Gabinete computadora	809.0	Gabinete Yeyian Lancer con Ventana, Midi-Tower, ATX/Micro-ATX/Mini-ITX, USB 3.0/2.0, sin Fuente, 4 Ventiladores ARGB Instalados, Negro	https://www.cyberpuerta.mx/Computo-Hardware/Componentes/Gabinetes/Gabinete-Yeyian-Lancer-con-Ventana-Midi-Tower-ATX-Micro-ATX-Mini-ITX-USB-3-0-2-0-sin-Fuente-4-Ventiladores-ARGB-Instalados-Negro.html
Cyberpuerta	GAB	Gabinete computadora	559.0	Gabinete Getttech GCM-ASGX1-01WH con Ventana, Midi-Tower, ATX/Micro-ATX/Mini-ATX, USB 2.0/3.0, sin Fuente, 1 Ventilador Instalado, Blanco	https://www.cyberpuerta.mx/Computo-Hardware/Componentes/Gabinetes/Gabinete-Getttech-GCM-ASGX1-01WH-con-Ventana-Midi-Tower-ATX-Micro-ATX-Mini-ATX-USB-2-0-3-0-sin-Fuente-1-Ventilador-Instalado-Blanco.html
Cyberpuerta	GAB	Gabinete computadora	2469.0	Gabinete XTREME PC GAMING XZGAIRBO con Ventana, Micro ATX/Mini-ITX, USB 3.0, sin Fuente, 3 Ventiladores Instalados, Negro/Naranja	https://www.cyberpuerta.mx/Computo-Hardware/Componentes/Gabinetes/Gabinete-XTREME-PC-GAMING-XZGAIRBO-con-Ventana-Micro-ATX-Mini-ITX-USB-3-0-sin-Fuente-3-Ventiladores-Instalados-Negro-Naranja.html
Cyberpuerta	GAB	Gabinete computadora	509.0	Gabinete Getttech GCM-ASGX1-01BK con Ventana, Midi-Tower, ATX/Micro-ATX/Mini-ATX, USB 2.0/3.0, sin Fuente, 1 Ventilador Instalado, Negro	https://www.cyberpuerta.mx/Computo-Hardware/Componentes/Gabinetes/Gabinete-Getttech-GCM-ASGX1-01BK-con-Ventana-Midi-Tower-ATX-Micro-ATX-Mini-ATX-USB-2-0-3-0-sin-Fuente-1-Ventilador-Instalado-Negro.html
Cyberpuerta	GAB	Gabinete computadora	1069.0	Gabinete Xtech XTQ-200, Midi-Tower, ATX/Micro ATX, USB 2.0, con Fuente de 600W, sin Ventiladores Instalados, Negro	https://www.cyberpuerta.mx/Computo-Hardware/Componentes/Gabinetes/Gabinete-Xtech-XTQ-200-Midi-Tower-ATX-Micro-ATX-USB-2-0-con-Fuente-de-600W-sin-Ventiladores-Instalados-Negro.html
Cyberpuerta	GAB	Gabinete computadora	529.0	Gabinete Acteck Kyoto GC460 con Ventana, Micro-Tower, Micro ATX/Mini-ATX, con Fuente de 500W, sin Ventiladores Instalados, Negro	https://www.cyberpuerta.mx/Computo-Hardware/Componentes/Gabinetes/Gabinete-Acteck-Kyoto-GC460-con-Ventana-Micro-Tower-Micro-ATX-Mini-ATX-con-Fuente-de-500W-sin-Ventiladores-Instalados-Negro.html
Cyberpuerta	GAB	Gabinete computadora	1119.0	Gabinete Acteck Delta, Micro-Tower, Micro ATX/Mini-ITX, USB 3.2, con Fuente de 500W, sin Ventiladores Instalados, Negro	https://www.cyberpuerta.mx/Computo-Hardware/Componentes/Gabinetes/Gabinete-Acteck-Delta-Micro-Tower-Micro-ATX-Mini-ITX-USB-3-2-con-Fuente-de-500W-sin-Ventiladores-Instalados-Negro.html
Cyberpuerta	SSD	SSD 2TB	1809.0	SSD Acer FA200 NVMe, 2TB, PCI Express 4.0, M.2	https://www.cyberpuerta.mx/Computo-Hardware/Discos-Duros-SSD-NAS/SSD/SSD-Acer-FA200-NVMe-2TB-PCI-Express-4-0-M-2.html
Cyberpuerta	SSD	SSD 2TB	2379.0	SSD Adata Legend 960 MAX NVMe, 2TB, PCI Express 4.0, M.2	https://www.cyberpuerta.mx/Computo-Hardware/Discos-Duros-SSD-NAS/SSD/SSD-Adata-Legend-960-MAX-NVMe-2TB-PCI-Express-4-0-M-2.html
Cyberpuerta	SSD	SSD 2TB	2689.0	SSD Western Digital WD Black SN850X NVMe, 2TB, PCI Express 4.0, M.2 - sin Disipador de Calor	https://www.cyberpuerta.mx/Computo-Hardware/Discos-Duros-SSD-NAS/SSD/SSD-Western-Digital-WD-Black-SN850X-NVMe-2TB-PCI-Express-4-0-M-2-sin-Disipador-de-Calor.html
Cyberpuerta	SSD	SSD 2TB	2159.0	SSD Adata Legend 850 NVMe, 2TB, PCI Express 4.0, M.2 ― ¡Descuento limitado a 5 unidades por cliente!	https://www.cyberpuerta.mx/Computo-Hardware/Discos-Duros-SSD-NAS/SSD/SSD-Adata-Legend-850-NVMe-2TB-PCI-Express-4-0-M-2.html
Cyberpuerta	SSD	SSD 2TB	3229.0	SSD Adata Legend 820 NVMe, 2TB, PCI Express 4.0, M.2	https://www.cyberpuerta.mx/Computo-Hardware/Discos-Duros-SSD-NAS/SSD/SSD-Adata-Legend-820-NVMe-2TB-PCI-Express-4-0-M-2.html
Cyberpuerta	SSD	SSD 2TB	3929.0	SSD Western Digital WD_BLACK SN850P NVMe, 2TB, PCI Express 4.0, M.2, para Consolas PlayStation 5	https://www.cyberpuerta.mx/Computo-Hardware/Discos-Duros-SSD-NAS/SSD/SSD-Western-Digital-WD-BLACK-SN850P-NVMe-2TB-PCI-Express-4-0-M-2-para-Consolas-PlayStation-5.html
Cyberpuerta	SSD	SSD 2TB	1909.0	SSD Acer GM7 NVMe, 2TB, PCI Express 4.0, M.2	https://www.cyberpuerta.mx/Computo-Hardware/Discos-Duros-SSD-NAS/SSD/SSD-Acer-GM7-NVMe-2TB-PCI-Express-4-0-M-2.html
Cyberpuerta	SSD	SSD 2TB	1839.0	SSD Kingston NV2 NVMe, 2TB, PCI Express 4.0, M.2	https://www.cyberpuerta.mx/Computo-Hardware/Discos-Duros-SSD-NAS/SSD/SSD-Kingston-NV2-NVMe-2TB-PCI-Express-4-0-M-2.html
Cyberpuerta	SSD	SSD 2TB	2039.0	SSD Adata Legend 800 NVMe, 2TB, PCI Express 4.0, M.2	https://www.cyberpuerta.mx/Computo-Hardware/Discos-Duros-SSD-NAS/SSD/SSD-Adata-Legend-800-NVMe-2TB-PCI-Express-4-0-M-2.html
Cyberpuerta	SSD	SSD 2TB	3009.0	SSD Kingston FURY Renegade NVMe, 2TB, PCI Express 4.0, M.2 ― ¡Precio limitado a 5 unidades por cliente!	https://www.cyberpuerta.mx/Computo-Hardware/Discos-Duros-SSD-NAS/SSD/SSD-Kingston-FURY-Renegade-NVMe-2TB-PCI-Express-4-0-M-2.html
Cyberpuerta	SSD	SSD 2TB	1869.0	SSD Western Digital WD Green SN350 NVMe, 2TB, PCI Express, M.2	https://www.cyberpuerta.mx/Computo-Hardware/Discos-Duros-SSD-NAS/SSD/SSD-Western-Digital-WD-Green-SN350-NVMe-2TB-PCI-Express-M-2.html
Cyberpuerta	SSD	SSD 2TB	2429.0	SSD XPG GAMMIX S70 BLADE NVMe, 2TB, PCI Express 4.0, M.2	https://www.cyberpuerta.mx/Computo-Hardware/Discos-Duros-SSD-NAS/SSD/SSD-XPG-GAMMIX-S70-BLADE-NVMe-2TB-PCI-Express-4-0-M-2.html
Cyberpuerta	SSD	SSD 2TB	1839.0	SSD Acer Predator GM-3500 NVMe, 2TB, PCI Express 3.0, M.2	https://www.cyberpuerta.mx/Computo-Hardware/Discos-Duros-SSD-NAS/SSD/SSD-Acer-Predator-GM-3500-NVMe-2TB-PCI-Express-3-0-M-2.html
Cyberpuerta	SSD	SSD 2TB	2129.0	SSD Team Group MP44 NVMe, 2TB, PCI Express 4.0, M.2	https://www.cyberpuerta.mx/Computo-Hardware/Discos-Duros-SSD-NAS/SSD/SSD-Team-Group-MP44-NVMe-2TB-PCI-Express-4-0-M-2.html
Cyberpuerta	SSD	SSD 2TB	2129.0	SSD Western Digital WD Blue SN580 NVMe, 2TB, PCI Express 4.0, M.2	https://www.cyberpuerta.mx/Computo-Hardware/Discos-Duros-SSD-NAS/SSD/WDS200T3B0E.html
Cyberpuerta	SSD	SSD 2TB	3279.0	SSD Kingston FURY Renegade NVMe, 2TB, PCI Express 4.0, M.2 - Listo para PS5	https://www.cyberpuerta.mx/Computo-Hardware/Discos-Duros-SSD-NAS/SSD/SSD-Kingston-FURY-Renegade-NVMe-2TB-PCI-Express-4-0-M-2-cp2.html
Cyberpuerta	COOL	MSI MAG CORELIQUID E360	1969.0	MSI MAG CORELIQUID E360 White Enfriamiento Líquido para CPU ARGB, 3x 120mm, 1000 - 3000RPM, Blanco ― ¡Descuento limitado a 5 unidades por cliente!	https://www.cyberpuerta.mx/Computo-Hardware/Componentes/Enfriamiento-y-Ventilacion/Enfriamiento-Liquido/MSI-MAG-CORELIQUID-E360-White-Enfriamiento-Liquido-para-CPU-ARGB-3x-120mm-1000-3000RPM-Blanco.html
Cyberpuerta	COOL	MSI MAG CORELIQUID E360	2069.0	MSI MAG CORELIQUID E360 Enfriamiento Líquido para CPU ARGB, 3x 120mm, 1000 - 3000RPM, Negro	https://www.cyberpuerta.mx/Computo-Hardware/Componentes/Enfriamiento-y-Ventilacion/Enfriamiento-Liquido/MAG-CORELIQUID-E360.html
Cyberpuerta	COOL	MSI MAG CORELIQUID E360	1629.0	MSI MAG Coreliquid C360 Enfriamiento Líquido para CPU, 3x  120mm, 500-2000RPM ― ¡Descuento limitado a 5 unidades por cliente!	https://www.cyberpuerta.mx/Computo-Hardware/Componentes/Enfriamiento-y-Ventilacion/Enfriamiento-Liquido/MSI-MAG-Coreliquid-C360-Enfriamiento-Liquido-para-CPU-3x-120mm-500-2000RPM.html
Cyberpuerta	COOL	MSI MAG CORELIQUID E360	4359.0	MSI MAG Coreliquid D360 Enfriamiento Líquido para CPU, 3x 120mm, 0 - 2800RPM	https://www.cyberpuerta.mx/Computo-Hardware/Componentes/Enfriamiento-y-Ventilacion/Enfriamiento-Liquido/MPG-CORELIQUID-D360.html
Cyberpuerta	COOL	MSI MAG CORELIQUID E360	1889.0	MSI MAG CORELIQUID M360 ARGB Enfriamiento Líquido para CPU, 3 x 120mm, 3100RPM ― ¡Descuento limitado a 5 unidades por cliente!	https://www.cyberpuerta.mx/Computo-Hardware/Componentes/Enfriamiento-y-Ventilacion/Enfriamiento-Liquido/MSI-MAG-CORELIQUID-M360-ARGB-Enfriamiento-Liquido-para-CPU-3-x-120mm-3100RPM.html
Cyberpuerta	COOL	MSI MAG CORELIQUID E360	1739.0	MSI MAG CORELIQUID E240 White Enfriamiento Líquido para CPU ARGB, 2x 120mm, 3000RPM, Blanco ― ¡Descuento limitado a 5 unidades por cliente!	https://www.cyberpuerta.mx/Computo-Hardware/Componentes/Enfriamiento-y-Ventilacion/Enfriamiento-Liquido/MAG-CORELIQUID-E240-WHITE.html
Cyberpuerta	COOL	MSI MAG CORELIQUID E360	1689.0	MSI MAG CORELIQUID 240R V2 Enfriamiento Líquido para CPU ARGB, 2x 120mm, 500 - 2000RPM, Blanco ― ¡Descuento limitado a 5 unidades por cliente!	https://www.cyberpuerta.mx/Computo-Hardware/Componentes/Enfriamiento-y-Ventilacion/Enfriamiento-Liquido/MSI-MAG-CORELIQUID-240R-V2-Enfriamiento-Liquido-para-CPU-ARGB-2x-120mm-500-2000RPM-Blanco.html
Cyberpuerta	COOL	MSI MAG CORELIQUID E360	6819.0	"Monitor Gamer Curvo MSI MAG 325CQRF-QD LED 31.5"", Quad HD, Ultra Wide, FreeSync, 170Hz, HDMI, Negro"	https://www.cyberpuerta.mx/Computo-Hardware/Monitores/Monitores/Monitor-Gamer-Curvo-MSI-MAG-325CQRF-QD-LED-31-5-Quad-HD-Ultra-Wide-FreeSync-170Hz-HDMI-Negro.html
Cyberpuerta	COOL	MSI MAG CORELIQUID E360	1289.0	Fuente de Poder MSI MAG A750BN PCIE5 80 PLUS Bronze, 20+4 pin ATX, 120mm, 750W	https://www.cyberpuerta.mx/Computo-Hardware/Componentes/Fuentes-de-Poder-para-PC-s/Fuente-de-Poder-MSI-MAG-A750BN-PCIE5-80-PLUS-Bronze-20-4-pin-ATX-120mm-750W.html
Cyberpuerta	COOL	MSI MAG CORELIQUID E360	7649.0	"﻿Monitor Gamer Curvo MSI MAG 325CQRXF LED 31.5"", Wide Quad HD, 240Hz, HDMI, Negro"	https://www.cyberpuerta.mx/Computo-Hardware/Monitores/Monitores/Monitor-Gamer-Curvo-MSI-MAG-325CQRXF-LED-31-5-Wide-Quad-HD-240Hz-HDMI-Negro.html
Cyberpuerta	COOL	MSI MAG CORELIQUID E360	5499.0	"Monitor Gamer Curvo MSI MAG 275CQRF-QD LED 27"", Quad HD, Ultra Wide, FreeSync, 170Hz, HDMI, Negro"	https://www.cyberpuerta.mx/Computo-Hardware/Monitores/Monitores/Monitor-Gamer-Curvo-MSI-MAG-275CQRF-QD-LED-27-Quad-HD-Ultra-Wide-FreeSync-170Hz-HDMI-Negro.html
Cyberpuerta	COOL	MSI MAG CORELIQUID E360	65449.0	"Laptop Gamer MSI Vector GP66 15.3"" Full HD, Intel Core i7-12700H 2.30GHz, 16GB, 1TB SSD, NVIDIA GeForce RTX 3060, Windows 11 Home 64-bit, Español, Negro"	https://www.cyberpuerta.mx/Computadoras/Laptops/Laptop-Gamer-MSI-Vector-GP66-15-3-Full-HD-Intel-Core-i7-12700H-2-30GHz-16GB-1TB-SSD-NVIDIA-GeForce-RTX-3060-Windows-11-Home-64-bit-Espanol-Negro.html
Google	CPU	AMD 7950X	9149.0	AMD Ryzen 9 7950X Procesador	https://www.google.com/url?url=https://www.cyberpuerta.mx/Computo-Hardware/Componentes/Procesadores/Procesadores-para-PC/Procesador-AMD-Ryzen-9-7950X-Radeon-Graphics-S-AM5-4-50GHz-16-Core-64MB-Cache-No-Incluye-Disipador.html%3Fsrsltid%3DAfmBOoqzIisVWA81_VdxcfuPvAYE5CrXFOdbAK_CbP1l41kxUsyir4sd_S4&rct=j&q=&esrc=s&opi=95576897&sa=U&ved=0ahUKEwjHgr6jmpOGAxVGHkQIHQ5xC6UQguUECJsK&usg=AOvVaw33EJqYj3oCoa7D7ahjdyXF
Google	CPU	AMD 7950X	10559.0	Amd Procesador Ryzen 9 7950x3d 4.2ghz Plateado	https://www.google.com/url?url=https://intercompras.com/p/procesador-amd-ryzen-7950x3d-ghz-nucleos-socket-am5-128mb-cache-120w-319383%3Fsrsltid%3DAfmBOoqHYe7Ks_-TUWVSZNxrIDrNxe9m3m0hLKe3XnuWcXwek8ZYNgng1LA&rct=j&q=&esrc=s&opi=95576897&sa=U&ved=0ahUKEwjHgr6jmpOGAxVGHkQIHQ5xC6UQguUECLQK&usg=AOvVaw0RTVxIwFuijaK7RlPwTf2u
Google	CPU	AMD 7950X	6378.81	Procesador amd ryzen 9 5950x am4 16 core 100-100000059wof	https://www.google.com/url?url=https://www.digitalife.com.mx/productos/procesador-amd-ryzen-9-5950x-49ghz-16-nucleos-socket-am4-pcie-40%3Fsrsltid%3DAfmBOooR1482vDPyUU8S0BuIANx2-Ot9bh1jug6WhHXHA30si3cuKb07jDw&rct=j&q=&esrc=s&opi=95576897&sa=U&ved=0ahUKEwjHgr6jmpOGAxVGHkQIHQ5xC6UQguUECMYK&usg=AOvVaw2pUqZay0Ocl8r9CHn3Ib9C
Google	CPU	AMD 7950X	10299.0	Procesador AMD RYZEN 9 7950X3D / 5.7 GHZ / 16 Núcleos / Socket AM5 / AMD Radeon ...	https://www.google.com/url?url=https://ddtech.mx/producto/%3Fid%3D12596&rct=j&q=&esrc=s&opi=95576897&sa=U&ved=0ahUKEwjHgr6jmpOGAxVGHkQIHQ5xC6UQgOUECNUK&usg=AOvVaw0-UgNfZb7pbrnic_M3HlVP
Google	CPU	AMD 7950X	7943.13	Procesador Amd RYZEN 9 7900X3D	https://www.google.com/url?url=https://www.amazon.com.mx/AMD-Ryzen-7900X3D-Procesador-Escritorio/dp/B0BTRRNK7T%3Fsource%3Dps-sl-shoppingads-lpcontext%26ref_%3Dfplfs%26psc%3D1%26smid%3DA1017D6QFZ1B9R&rct=j&q=&esrc=s&opi=95576897&sa=U&ved=0ahUKEwjHgr6jmpOGAxVGHkQIHQ5xC6UQguUECPQK&usg=AOvVaw3yrr96DN9eOa-QqinVxi1-
Google	CPU	AMD 7950X	9848.96	Ryzen-procesador de escritorio 9 7950X R9 7950X, 16 núcleos, 32 hilos, 5nm, L3 ...	https://www.google.com/url?url=https://es.aliexpress.com/item/1005006792983045.html%3F_randl_currency%3DMXN%26_randl_shipto%3DMX%26src%3Dgoogle&rct=j&q=&esrc=s&opi=95576897&sa=U&ved=0ahUKEwjHgr6jmpOGAxVGHkQIHQ5xC6UQgOUECIIL&usg=AOvVaw3v58bP8_-L78SbooY4daNe
Google	CPU	AMD 7950X	6929.0	AMD Ryzen 9 7900X Procesador	https://www.google.com/url?url=https://www.abasteo.mx/Computo-y-Hardware/Componentes/Procesadores/Procesadores-para-PC/Procesador-AMD-Ryzen-9-7900X-S-AM5-4-70GHz-12-Core-64MB-L3-Cache-no-Incluye-Disipador.html%3Fsrsltid%3DAfmBOooDUBUTEIilzlmK-GgcJuEGPwjZnhEc7-Df8PqF0d8c4kssFSPtTYk&rct=j&q=&esrc=s&opi=95576897&sa=U&ved=0ahUKEwjHgr6jmpOGAxVGHkQIHQ5xC6UQguUECKEL&usg=AOvVaw2kaDw6PQ_iiuGZ56O8acgN
Google	CPU	AMD 7950X	12613.69	AMD-procesador Ryzen 9 7950X, nuevo R9 7950X, 4,5 GHz, 16 núcleos, 32 hilos, CPU ...	https://www.google.com/url?url=https://es.aliexpress.com/item/1005006832439973.html%3F_randl_currency%3DMXN%26_randl_shipto%3DMX%26src%3Dgoogle&rct=j&q=&esrc=s&opi=95576897&sa=U&ved=0ahUKEwjHgr6jmpOGAxVGHkQIHQ5xC6UQgOUECK4L&usg=AOvVaw2_7ckZ0uM_BrHkR0AtOQNu
Google	CPU	AMD 7950X	4889.0	Procesador AMD Ryzen 9 5900X AM4 100-100000061WOF	https://www.google.com/url?url=https://pcel.com/376384%3Fsrsltid%3DAfmBOoq1n2Ngog0vnj-x2KKa1BfkSXcY20XxIV0xb4NlWkCQMvQtNCbcppg&rct=j&q=&esrc=s&opi=95576897&sa=U&ved=0ahUKEwjHgr6jmpOGAxVGHkQIHQ5xC6UQguUECL0L&usg=AOvVaw1qSJdFMz0zo9rk8ykpauaM
Google	CPU	AMD 7950X	5724.0	Procesador amd ryzen 7 8700g amd am5	https://www.google.com/url?url=https://www.zegucom.com.mx/producto/procesadores/procesadores-amd-socket-am5/Procesador-AMD-Ryzen-7-8700G-AM5-5-1-GHz-8-nucleos-Graficos-AMD-Radeo/MTAwLTEwMDAwMTIzNkJPWA%3D%3D%3Fsrsltid%3DAfmBOopWPhobRcKRd5RIoVtjH4LLU9-daEQaBaxAkjj_h2RYdSfyq6WNZPk&rct=j&q=&esrc=s&opi=95576897&sa=U&ved=0ahUKEwjHgr6jmpOGAxVGHkQIHQ5xC6UQguUECMsL&usg=AOvVaw0qPSVDyoKcV5MGqU6s1wCZ
Google	CPU	AMD 7950X	82929.0	Computadora Gamer Alchemy Force, AMD Ryzen 9 7950X Radeon Graphics 4.50GHz, 96GB ...	https://www.google.com/url?url=https://www.cyberpuerta.mx/Computadoras/PC-s-de-Escritorio/Computadora-Gamer-Alchemy-Force-AMD-Ryzen-9-7950X-Radeon-Graphics-4-50GHz-96GB-3000-GB-SSD-GeForce-RTX-4090-Windows-11-Prueba.html%3Fsrsltid%3DAfmBOoo9HzSNajmMszyYhmQu_rwR0xLspZNYbF3JQtXNIZSLLkQD-TqXpec&rct=j&q=&esrc=s&opi=95576897&sa=U&ved=0ahUKEwjHgr6jmpOGAxVGHkQIHQ5xC6UQgOUECNgL&usg=AOvVaw1f--jYqMoX7SqUfz1x61q8
Google	CPU	AMD 7950X	2645.0	Procesador amd ryzen 5 5600g am4 100-100000252box	https://www.google.com/url?url=https://www.walmart.com.mx/ip/componentes-de-computadoras/procesador-amd-ryzen-5-5600g-de-quinta-generacion-3-9-ghz-hasta-amd-100-100000252box/00073014331341%3Fsrsltid%3DAfmBOorYIdFX003_kBktHfskNuxBa72bvUjAZCb1wDJZFyMNP_m-z8niuD0&rct=j&q=&esrc=s&opi=95576897&sa=U&ved=0ahUKEwjHgr6jmpOGAxVGHkQIHQ5xC6UQguUECOcL&usg=AOvVaw3uE3g0enJGZf1-jNZUUrzW
Google	CPU	AMD 7950X	4599.0	Procesador amd ryzen 5 7600x amd am5	https://www.google.com/url?url=https://www.sanborns.com.mx/producto/374472/procesador-amd-ryzen-5-7600x-6-core-4-7ghz-38mb-socket-am5-100-100000593wof/&rct=j&q=&esrc=s&opi=95576897&sa=U&ved=0ahUKEwjHgr6jmpOGAxVGHkQIHQ5xC6UQguUECPcL&usg=AOvVaw2VnXvne-Cq27pKk_W9Ziz3
Google	MB	Tarjeta madre AM5 AMD	3978.18	Tarjeta Madre B650m Aorus Elite Ax Am5 Ddr5 Micro Atx	https://www.google.com/url?url=https://www.amazon.com.mx/Gigabyte-B650M-Micro-ATX-garant%25C3%25ADa-EZ-Latch/dp/B0BH6XND27%3Fsource%3Dps-sl-shoppingads-lpcontext%26ref_%3Dfplfs%26psc%3D1%26smid%3DA1G99GVHAT2WD8&rct=j&q=&esrc=s&opi=95576897&sa=U&ved=0ahUKEwjD8o-pmpOGAxV2IEQIHW9vAIsQguUECI4Q&usg=AOvVaw0f_0CIh4hH38HXCSFEBwAw
Google	MB	Tarjeta madre AM5 AMD	5769.0	Tarjeta Madre Asus Rog Strix B650-a Gaming Wifi Am5 Ddr5 Atx	https://www.google.com/url?url=https://www.cyberpuerta.mx/Computo-Hardware/Componentes/Tarjetas-Madre/Tarjeta-Madre-ASUS-ATX-ROG-Strix-B650-A-GAMING-WIFI-S-AM5-AMD-B650-HDMI-128GB-DDR5-para-AMD.html%3Fsrsltid%3DAfmBOoo-atPQqT_ymo7FBp39IKEYToMJFybwewp6s9vh116jP4JVzUwDci8&rct=j&q=&esrc=s&opi=95576897&sa=U&ved=0ahUKEwjD8o-pmpOGAxV2IEQIHW9vAIsQguUECJ4Q&usg=AOvVaw295qFQ29R2zm95E8Yj_4Vu
Google	MB	Tarjeta madre AM5 AMD	3299.0	Tarjeta Madre Asrock B650m Pro Rs Amd Am5 Ddr5 Usb C Atx	https://www.google.com/url?url=https://www.walmart.com.mx/ip/componentes-de-computadoras/tarjeta-madre-asrock-b650m-pro-rs-am5-4x-ddr5-2x-m-2-pcie-4-0-usb-c-micro-atx/00471048394309%3Fsrsltid%3DAfmBOoq6z8x0ZDwqC6Br-1am57JTZb93D2grifKuH-DmiDlQzuhKgkDlAQ8&rct=j&q=&esrc=s&opi=95576897&sa=U&ved=0ahUKEwjD8o-pmpOGAxV2IEQIHW9vAIsQguUECK4Q&usg=AOvVaw18cdjQy7IiJNaKKaLJOEv2
Google	MB	Tarjeta madre AM5 AMD	2889.0	Tarjeta Madre Asus Tuf Gaming A620m-plus Wifi Amd Am5 Ddr5	https://www.google.com/url?url=https://intercompras.com/p/tarjeta-madre-asus-tuf-gaming-a620m-plus-wifi-socket-am5-4xddr5-339064%3Fsrsltid%3DAfmBOopU_di8XGMu2J61IvQgzoS7LwJAsPLluMb8cIEsAgyN7zwz98-Y8mw&rct=j&q=&esrc=s&opi=95576897&sa=U&ved=0ahUKEwjD8o-pmpOGAxV2IEQIHW9vAIsQguUECL4Q&usg=AOvVaw158QqIjuwQ1cccJwPxWUHP
Google	MB	Tarjeta madre AM5 AMD	1919.0	TARJETA MADRE GIGABYTE A620M S2H MICATX AM5 AMD 7000 SERIES DDR5	https://www.google.com/url?url=https://www.abasteo.mx/Computo-y-Hardware/Componentes/Tarjetas-Madre/Tarjeta-Madre-Gigabyte-Micro-ATX-A620M-S2H-S-AM5-AMD-A620-HDMI-96GB-DDR5-para-AMD.html%3Fsrsltid%3DAfmBOop55M1XYx5tgjufBBWJFae2ysDp2nvZ_dp4-0HWpW3jrB9fYtnvuJI&rct=j&q=&esrc=s&opi=95576897&sa=U&ved=0ahUKEwjD8o-pmpOGAxV2IEQIHW9vAIsQguUECM4Q&usg=AOvVaw2HJYAETThUUfEawjL8rZqk
Google	MB	Tarjeta madre AM5 AMD	4411.22	Tarjeta Madre Asus Tuf Gaming B650-plus Wifi Am5 Ddr5 Atx	https://www.google.com/url?url=https://www.expercom.mx/producto/tarjeta-madre-asus-tuf-gaming-b650-plus-wifi-am5-wifi6%3Fsrsltid%3DAfmBOopLIBD6UWRGfyszOSG50MIxbx_syhHqXdYe0hculbgW97BBvnj1xEU&rct=j&q=&esrc=s&opi=95576897&sa=U&ved=0ahUKEwjD8o-pmpOGAxV2IEQIHW9vAIsQguUECN4Q&usg=AOvVaw23FPaT3skcGRlccAWHQMqt
Google	MB	Tarjeta madre AM5 AMD	1749.0	Tarjeta Madre Asrock A620m-hdv/m.2 Socket Am5	https://www.google.com/url?url=https://ddtech.mx/producto/%3Fid%3D14102&rct=j&q=&esrc=s&opi=95576897&sa=U&ved=0ahUKEwjD8o-pmpOGAxV2IEQIHW9vAIsQguUECO4Q&usg=AOvVaw27Jh3g7dd7faVUDxi0IoQd
Google	MB	Tarjeta madre AM5 AMD	3243.0	Tarjeta Madre Asus Prime B650m-a Ii-csm Amd Am5 Ddr5 Matx	https://www.google.com/url?url=https://www.mercadolibre.com.mx/motherboard-asus-prime-b650m-a-il-csm-am5-matx-color-negro/p/MLM25369374%3Fmatt_tool%3D28238160%26utm_source%3Dgoogle_shopping%26utm_medium%3Dorganic%26item_id%3DMLM2873469132%26from%3Dgshop&rct=j&q=&esrc=s&opi=95576897&sa=U&ved=0ahUKEwjD8o-pmpOGAxV2IEQIHW9vAIsQguUECP4Q&usg=AOvVaw3Pts4BJIx3-McUWUy66utp
Google	MB	Tarjeta madre AM5 AMD	5799.0	Tarjeta Madre MSI ATX X670E S-AM5, AMD X670, X670E GAMING PLUS WIFI	https://www.google.com/url?url=https://www.toditoventas.com/productos/tarjeta-madre-msi-atx-x670e-gaming-plus-wifi-s-am5-amd-x670-nueva/%3Fvariant%3D901257901%26pf%3Dmc&rct=j&q=&esrc=s&opi=95576897&sa=U&ved=0ahUKEwjD8o-pmpOGAxV2IEQIHW9vAIsQguUECI4R&usg=AOvVaw3sFFdgCakTP9fZcH6hCvT5
Google	MB	Tarjeta madre AM5 AMD	2435.88	Tarjeta Madre Gigabyte A620m Gaming X Amd Am5 Ddr5 Micro Atx	https://www.google.com/url?url=https://mipc.com.mx/tarjeta-madre-gigabyte-a620m-gaming-x-socket-amd-am5-a620m-4x-ddr5-pci-e-4-0-hdmi-displayport.html%3Fff%3D6%26fp%3D1575199%26srsltid%3DAfmBOoqepKdz31R_fbUsQnoLB6mYfgyn4WR8PAwKwmfhR77cf6j815iHCqE&rct=j&q=&esrc=s&opi=95576897&sa=U&ved=0ahUKEwjD8o-pmpOGAxV2IEQIHW9vAIsQguUECJ4R&usg=AOvVaw06x8H6Ucb6TvLHOvEgFicM
Google	MB	Tarjeta madre AM5 AMD	4346.0	Tarjeta Madre Asrock A620m Pro Rs Wifi Amd Am5 Ddr5 Microatx	https://www.google.com/url?url=https://www.liverpool.com.mx/tienda/pdp/Tarjeta-madre-Asrock-a620m-Pro-RS-Wifi-con-procesador-AMD/1144810836%3Fgfeed%3Dtrue%26srsltid%3DAfmBOopEOwm-lSkFZ0AwiQbw3cfbj2YcBYs5Y49Cn2TsSuYyc3-Zzfrw_js&rct=j&q=&esrc=s&opi=95576897&sa=U&ved=0ahUKEwjD8o-pmpOGAxV2IEQIHW9vAIsQguUECK4R&usg=AOvVaw3AxuGMpDd78nWzQBWlNHpO
Google	MB	Tarjeta madre AM5 AMD	2299.0	Tarjeta Madre Msi Pro B650m-p, Amd-am5, Ddr5, Pcie 4.0 HDMI	https://www.google.com/url?url=https://pcel.com/487344%3Fsrsltid%3DAfmBOoqjXS6uLIQrJtaXIgG6lTHd6rmynKgVSsE7siOmO2rSvbLoRQ68qUM&rct=j&q=&esrc=s&opi=95576897&sa=U&ved=0ahUKEwjD8o-pmpOGAxV2IEQIHW9vAIsQguUECL4R&usg=AOvVaw19NoTgg5o9jJSVG7bN9Mf0
Google	MB	Tarjeta madre AM5 AMD	4761.75	MSI MPG B650 EDGE WIFI placa base AMD B650 Enchufe AM5 ATX	https://www.google.com/url?url=https://www.coolquarter.com/es/placa-base-msi-mpg-b650-edge-wi-fi-amd-am5-amd-amd-b650/50993/d%3Fprod%3D57330%26cty%3DMX%26utm%3Dshopping%26srsltid%3DAfmBOorOTJrtK-ZfOIhAF_RI_m6VrInrLLJVr4eYpSThvkX6KodSJDgjBzk&rct=j&q=&esrc=s&opi=95576897&sa=U&ved=0ahUKEwjD8o-pmpOGAxV2IEQIHW9vAIsQguUECN8R&usg=AOvVaw2Ke1bItSTh2vIyQb1_G1Ja
Google	MB	Tarjeta madre AM5 AMD	5799.0	MB MSI MPG B650 EDGE WIFI AM5,DDR5, ATX	https://www.google.com/url?url=https://www.bodegaaurrera.com.mx/ip/componentes-de-computadoras/tarjeta-madre-msi-mpg-b650-edge-wifi-amd-am5-4x-ddr5-3x-m-2-pcie-5-0-usb-c-wifi-6e-bt-5-3-atx/00082414230107%3Fsrsltid%3DAfmBOoqEFE9VdOBzWKPyqYUcTUs06ec_EBjXi84_5v9K5HO1BKKZbRSs14Y&rct=j&q=&esrc=s&opi=95576897&sa=U&ved=0ahUKEwjD8o-pmpOGAxV2IEQIHW9vAIsQguUECO8R&usg=AOvVaw2IxtS43NjhXNEMMginhl34
Google	GPU	4070 Ti Super	15369.0	Tarjeta de video pny geforce rtx 4070 ti super verto 16gb gddr6x	https://www.google.com/url?url=https://www.cyberpuerta.mx/Computo-Hardware/Componentes/Tarjetas-de-Video/Tarjeta-de-Video-PNY-NVIDIA-GeForce-RTX-4070-Ti-SUPER-16GB-VERTO-OC-Triple-Fan-DLSS-3-16GB-256-bit-GDDR6X-PCI-Express-4-0-x16.html%3Fsrsltid%3DAfmBOor9aMXFOvPuHjmmCGninxPcQlS04vRfFL_7Iv-50fDG7jzXLX6Z0ng&rct=j&q=&esrc=s&opi=95576897&sa=U&ved=0ahUKEwjdy4WvmpOGAxU3rlYBHeA_BPcQguUECOQO&usg=AOvVaw3sdDfJX4rJ_Cs7mLWtVPt8
Google	GPU	4070 Ti Super	19629.99	Tarjeta de video msi geforce rtx 4070 ti super 16g ventus 3x oc 16gb gddr6x	https://www.google.com/url?url=https://www.amazon.com.mx/MSI-RTX-4070-16G-3X/dp/B0CSGCQY4K%3Fsource%3Dps-sl-shoppingads-lpcontext%26ref_%3Dfplfs%26psc%3D1%26smid%3DA1G99GVHAT2WD8&rct=j&q=&esrc=s&opi=95576897&sa=U&ved=0ahUKEwjdy4WvmpOGAxU3rlYBHeA_BPcQguUECPUO&usg=AOvVaw2Vi59iPVjGe7lawQHGTRa7
Google	GPU	4070 Ti Super	15541.49	PNY Tarjeta de Video geforce RTX 4070 ti Super, 8448 nucleos cuda, 16gb, 256 bit ...	https://www.google.com/url?url=https://www.zegucom.com.mx/producto/tarjetas-de-video/tarjetas-de-video-pci-exp/Tarjeta-de-Video-PNY-GeForce-RTX-4070-Ti-SUPER-8448-Nucleos-CUDA-16GB/VkNHNDA3MFRTMTZURlhYUEIxLU8%3D%3Fsrsltid%3DAfmBOorgiWwjqSa9_UXtxoRDHkME0-wg0BdI9r9x4qE_jPgke8GEHISp210&rct=j&q=&esrc=s&opi=95576897&sa=U&ved=0ahUKEwjdy4WvmpOGAxU3rlYBHeA_BPcQguUECIMP&usg=AOvVaw2LhgFH8sSryVGUVYyIm5-3
Google	GPU	4070 Ti Super	18426.04	Tarjeta de Video, Tarjeta Gráfica Asus Tuf Gaming GeForce RTX 4070 Ti Super 16GB ...	https://www.google.com/url?url=https://www.amazon.com.mx/Asus-GeForce-Tarjeta-gr%25C3%25A1fica-DisplayPort/dp/B0CSF9G5MJ%3Fsource%3Dps-sl-shoppingads-lpcontext%26ref_%3Dfplfs%26psc%3D1%26smid%3DA1G99GVHAT2WD8&rct=j&q=&esrc=s&opi=95576897&sa=U&ved=0ahUKEwjdy4WvmpOGAxU3rlYBHeA_BPcQguUECJQP&usg=AOvVaw16QakX3ZRXZYHYF9btNQI5
Google	GPU	4070 Ti Super	16427.0	TARJETA DE VIDEO GIGABYTE RTX 4070 Ti SUPER WINDFORCE OC 16G GDDR6X	https://www.google.com/url?url=https://www.tiendamax.com/video/20279-tarjeta-de-video-gigabyte-nvidia-rtx-4070-ti-super-16gb-gddr6x-pci-e-4-0-hdmi-2-1-dp-x3-alta-gama-gamer-4719331354121.html&rct=j&q=&esrc=s&opi=95576897&sa=U&ved=0ahUKEwjdy4WvmpOGAxU3rlYBHeA_BPcQguUECLYP&usg=AOvVaw1CpLmPXjzN7lOCR0FmjSaj
Google	GPU	4070 Ti Super	15109.0	Tarjeta De Video Asus Proart Rtx 4070 Ti Oc 12gb Gddr6x	https://www.google.com/url?url=https://pcel.com/484576%3Fsrsltid%3DAfmBOooHN0Mx6WB7L57wcl0CYOoIA7_YgNaoP5_nWzpb-tGlJeCc7EWzOWY&rct=j&q=&esrc=s&opi=95576897&sa=U&ved=0ahUKEwjdy4WvmpOGAxU3rlYBHeA_BPcQguUECMgP&usg=AOvVaw0QgVIe1izxiytQrOzE2gHD
Google	GPU	4070 Ti Super	20999.0	Tarjeta De Video Asus Tuf Rtx 4070 Ti Super Oc 16gb Gddr6x	https://www.google.com/url?url=https://www.walmart.com.mx/ip/componentes-de-computadoras/tarjeta-de-video-asus-tuf-gaming-geforce-rtx-4070-ti-super-oc-edition-16gb-gddr6x/00019710543784%3Fsrsltid%3DAfmBOopfPRS7cQwd7GW8358CRmcLsGMJ22Oyd65cR35_7LGrKQURyUUmJIg&rct=j&q=&esrc=s&opi=95576897&sa=U&ved=0ahUKEwjdy4WvmpOGAxU3rlYBHeA_BPcQguUECO0P&usg=AOvVaw364hF9NVEJA63szAn_Ry2x
Google	GPU	4070 Ti Super	44887.03	Tarjeta gráfica 1000% % ZO TAC GeForce RTX 4070 Ti AMP Extreme AIRO	https://www.google.com/url?url=https://es.aliexpress.com/item/1005006680892781.html%3F_randl_currency%3DMXN%26_randl_shipto%3DMX%26src%3Dgoogle&rct=j&q=&esrc=s&opi=95576897&sa=U&ved=0ahUKEwjdy4WvmpOGAxU3rlYBHeA_BPcQgOUECPwP&usg=AOvVaw3QPkOry2TcErI7nukvmLzg
Google	GPU	4070 Ti Super	17071.03	Tarjeta de video zotac gaming geforce rtx 4070 ti super trinity Black 16gb gddr6x	https://www.google.com/url?url=https://www.mercadolibre.com.mx/tarjeta-grafica-zotac-geforce-rtx-4070-ti-super-trinity-16-gb/p/MLM34027998%3Fmatt_tool%3D28238160%26utm_source%3Dgoogle_shopping%26utm_medium%3Dorganic%26item_id%3DMLM2058974317%26from%3Dgshop&rct=j&q=&esrc=s&opi=95576897&sa=U&ved=0ahUKEwjdy4WvmpOGAxU3rlYBHeA_BPcQguUECIwQ&usg=AOvVaw2is0WEF3HRQ83CqONXFbcr
Google	GPU	4070 Ti Super	17499.0	Tarjeta de Video Gigabyte NVIDIA GeForce RTX 4070 Ti SUPER EAGLE OC 16G, RTX40SUPER	https://www.google.com/url?url=https://dosbitsmx.com/product/tarjeta-de-video-gigabyte-nvidia-geforce-rtx-4070-ti-super-eagle-oc-16g/&rct=j&q=&esrc=s&opi=95576897&sa=U&ved=0ahUKEwjdy4WvmpOGAxU3rlYBHeA_BPcQgOUECKwQ&usg=AOvVaw3zjeI5pRpZtwbyaxOTWiuz
Google	GPU	4070 Ti Super	14989.0	PNY Tarjeta gráfica NVIDIA GeForce RTX 4070 Ti 12GB GDDR6X	https://www.google.com/url?url=https://intercompras.com/p/tarjeta-video-pny-geforce-rtx-ti-12gb-xlr8-gaming-verto-epic-x-rgb-triple-fan-318356%3Fsrsltid%3DAfmBOooRC3_SSX3ougMpQkYqrhTA494oM42SHbI548-Fsuu4yc32lQpxlm8&rct=j&q=&esrc=s&opi=95576897&sa=U&ved=0ahUKEwjdy4WvmpOGAxU3rlYBHeA_BPcQguUECL0Q&usg=AOvVaw3KXZWrarHSaG6J_9ENgVrW
Google	GAB	Gabinete computadora	2999.0	KEDIERS gabinete pc Funda para PC con 7 Ventiladores PWM, ARGB Mid Tower ATX para ...	https://www.google.com/url?url=https://www.amazon.com.mx/KEDIERS-gabinete-Ventiladores-computadora-templados/dp/B0C9Q75ZD2%3Fsource%3Dps-sl-shoppingads-lpcontext%26ref_%3Dfplfs%26psc%3D1%26smid%3DA3J87EZYZJW4GN&rct=j&q=&esrc=s&opi=95576897&sa=U&ved=0ahUKEwjR_-e0mpOGAxURD0QIHS9IBVgQgOUECNIK&usg=AOvVaw14HTzi4nWKc_sjfaTNlaWy
Google	GAB	Gabinete computadora	729.0	GABINETE DEEPCOOL CC560 WH MIDI TOWER COLOR BLANCO	https://www.google.com/url?url=https://www.cyberpuerta.mx/Computo-Hardware/Componentes/Gabinetes/Gabinete-DeepCool-con-Ventana-CC560-LED-Midi-Tower-Mini-ITX-Micro-ATX-ATX-USB-2-0-3-0-sin-Fuente-4-Ventiladores-Instalados-Blanco.html%3Fsrsltid%3DAfmBOopXzptiCBI8LO8qvZfQ5xXRk2CCWj2I1wil1Ah25_xhalmh4AazWPc&rct=j&q=&esrc=s&opi=95576897&sa=U&ved=0ahUKEwjR_-e0mpOGAxURD0QIHS9IBVgQguUECN8K&usg=AOvVaw26wExpLq4Xe622VJk_wlrQ
Google	GAB	Gabinete computadora	821.0	Gabinete de Computadora Getttech GCM-ASGX1-01WH	https://www.google.com/url?url=https://www.mercadolibre.com.mx/gabinete-getttech-gcm-asgx1-01wh-ventana-midi-tower-atx-vc/p/MLM28174144%3Fmatt_tool%3D28238160%26utm_source%3Dgoogle_shopping%26utm_medium%3Dorganic%26item_id%3DMLM2004305483%26from%3Dgshop&rct=j&q=&esrc=s&opi=95576897&sa=U&ved=0ahUKEwjR_-e0mpOGAxURD0QIHS9IBVgQguUECO4K&usg=AOvVaw01ySgt-pyOxmPXzvuxEr5Q
Google	GAB	Gabinete computadora	2951.05	KEDIERS gabinete pc Funda para PC con 4 Ventiladores PWM, ARGB Mid Tower ATX para ...	https://www.google.com/url?url=https://www.amazon.com.mx/KEDIERS-Ventiladores-computadora-templados-G900/dp/B0CCMLM717%3Fsource%3Dps-sl-shoppingads-lpcontext%26ref_%3Dfplfs%26psc%3D1%26smid%3DA3J87EZYZJW4GN&rct=j&q=&esrc=s&opi=95576897&sa=U&ved=0ahUKEwjR_-e0mpOGAxURD0QIHS9IBVgQgOUECPsK&usg=AOvVaw3pDcMl2P2tMim79J5q6mO_
Google	GAB	Gabinete computadora	2399.0	Gabinete Asus Tuf Gaming Gt301 Rgb Cristal Templado Atx	https://www.google.com/url?url=https://www.liverpool.com.mx/tienda/pdp/Gabinete-Gamer-Asus-TUF-Gaming-GT301-Cristal-Templado-RGB/1099803319%3Fgfeed%3Dtrue%26srsltid%3DAfmBOoooWO5IbbRVP6U0WpMfzhWeQuyo7l_rvqOZAITMs1N9BF6qBII2pf0&rct=j&q=&esrc=s&opi=95576897&sa=U&ved=0ahUKEwjR_-e0mpOGAxURD0QIHS9IBVgQguUECIgL&usg=AOvVaw1TRtlWC7Zt09sgjfUhxrCC
Google	GAB	Gabinete computadora	2222.35	AMANSON Gabinete PC ATX Carcasa de Vidrio Templado para computadora sin ...	https://www.google.com/url?url=https://www.amazon.com.mx/AMANSON-CASE-ATX-computadora-ventilador/dp/B0BFL7R6PF%3Fsource%3Dps-sl-shoppingads-lpcontext%26ref_%3Dfplfs%26psc%3D1%26smid%3DA2XL922RFNP703&rct=j&q=&esrc=s&opi=95576897&sa=U&ved=0ahUKEwjR_-e0mpOGAxURD0QIHS9IBVgQguUECJUL&usg=AOvVaw0oxVDdFNNVOKgYToRiwwn8
Google	GAB	Gabinete computadora	639.0	Gabinete Ocelot Gaming OG-C E1 con Ventana ATX, OG-C E1	https://www.google.com/url?url=https://www.cyberpuerta.mx/Computo-Hardware/Componentes/Gabinetes/Gabinete-Ocelot-Gaming-OG-C-E1-con-Ventana-Midi-Tower-ATX-Micro-ATX-Mini-ITX-USB-2-0-3-0-sin-Fuente-ni-Ventiladores-Instalados-Negro.html%3Fsrsltid%3DAfmBOooIhMoz2cXYCbZ-lfD1glPAl3_Ozs47g6L1OvrShbWGrzk6b1NCfWU&rct=j&q=&esrc=s&opi=95576897&sa=U&ved=0ahUKEwjR_-e0mpOGAxURD0QIHS9IBVgQgOUECKIL&usg=AOvVaw2JV_ACyj3Iu554HX-Gp4W8
Google	GAB	Gabinete computadora	715.95	Gabinete Xzeal Xz110-1 Mid Tower Atx Rgb Cristal Templado Wh	https://www.google.com/url?url=https://www.zegucom.com.mx/producto/gabinetes/gabinetes-computadora/Gabinete-Xzeal-XZ110-1-torre-ATX-panel-lateral-cristal-templado-3x-Ve/WFpDR0IxMlc%3D%3Fsrsltid%3DAfmBOorEOA6KHq8JwmsnwWQqekTPfnoAj69aULJhGnX2Q8H-9AdIo7m6_oU&rct=j&q=&esrc=s&opi=95576897&sa=U&ved=0ahUKEwjR_-e0mpOGAxURD0QIHS9IBVgQguUECK4L&usg=AOvVaw1GEr7Eu-Jykd4-TaWROXQQ
Google	GAB	Gabinete computadora	564.21	Caja de computadora itx, caja htpc desmontable con orificio de disipación de ...	https://www.google.com/url?url=https://www.walmart.com.mx/ip/componentes-de-computadoras/caja-de-computadora-itx-caja-htpc-desmontable-con-orificio-de-disipacion-de-calor-caja-de-escritorio-m06-chasis-de-placa-base-para-escuela-hogar-usb-2-0-sunnimix-caja-de-la-computadora/00076641243192%3Fsrsltid%3DAfmBOooZbmvo1BOlxBoSgpILMv2qpCgow0n3Vaqa3gprkliZQagzb027Jo4&rct=j&q=&esrc=s&opi=95576897&sa=U&ved=0ahUKEwjR_-e0mpOGAxURD0QIHS9IBVgQgOUECMoL&usg=AOvVaw1k05l4BpbpzcQ5vCCSWbOr
Google	GAB	Gabinete computadora	795.21	Gabinete de Computadora Yeyian Lancer YCM-APLAN-01	https://www.google.com/url?url=https://www.digitalife.com.mx/productos/1-gabinete-yeyian-lancer-con-ventana-midi-tower-atx-micro-atx-mini-itx-usb-30-20-sin-fuente-4-ventiladores-argb-instalados-negro%3Fsrsltid%3DAfmBOooYoa6YZsnf4b2R4hbcQMCv4L8XqTXGiSX14404CakBMlkKLXNAbHs&rct=j&q=&esrc=s&opi=95576897&sa=U&ved=0ahUKEwjR_-e0mpOGAxURD0QIHS9IBVgQguUECNcL&usg=AOvVaw3hbZTxfmHBGkipTEqmz6UV
Google	GAB	Gabinete computadora	749.0	Gabinete XZEAL CXi1 ARGB, Cubo, Micro-ATX/Mini-ITX, Blanco, XZGAMC1W	https://www.google.com/url?url=https://pcel.com/493644%3Fsrsltid%3DAfmBOopYI1zR2IHDck_Cn45CZL-viZEv2sccs7KxErsl57lM-FIHujfAV3M&rct=j&q=&esrc=s&opi=95576897&sa=U&ved=0ahUKEwjR_-e0mpOGAxURD0QIHS9IBVgQguUECOQL&usg=AOvVaw36khyrN5NQ-tKXFLzdVBRv
Google	GAB	Gabinete computadora	1449.0	Gabinete Asus A21 Case Micro Atx Cristal Templado Negro	https://www.google.com/url?url=https://www.abasteo.mx/Computo-y-Hardware/Componentes/Gabinetes/Gabinete-ASUS-A21-Mini-Tower-Micro-ATX-Mini-ITX-USB-3-2-sin-Fuente-Negro.html%3Fsrsltid%3DAfmBOoryMa7PqPCN_WrKRM-2EYGkcdroUFXTvR_tWtA5BK7n4eTEWSbXRRo&rct=j&q=&esrc=s&opi=95576897&sa=U&ved=0ahUKEwjR_-e0mpOGAxURD0QIHS9IBVgQguUECP8L&usg=AOvVaw1j6zkHiAaCxREi7xRqe2cM
Google	GAB	Gabinete computadora	849.0	Gabinete de Computadora Yeyian Dragoon YCM-APDRA-01	https://www.google.com/url?url=https://intercompras.com/p/gabinete-gamer-yeyian-dragoon-media-torre-atxmicro-atxmini-itx-panel-340482%3Fsrsltid%3DAfmBOoodD5PN1555PpPb9TQflDii2SoU_W7dUJPMrEXe-FnspAffyPWiADU&rct=j&q=&esrc=s&opi=95576897&sa=U&ved=0ahUKEwjR_-e0mpOGAxURD0QIHS9IBVgQguUECIwM&usg=AOvVaw2BzbCHOslPOngBTFiBDfMw
Google	SSD	SSD 2TB	1839.0	Unidad Ssd M.2 Kingston Nv2 Snv2s/2000g Nvme Pcie 4.0 2tb	https://www.google.com/url?url=https://www.cyberpuerta.mx/Computo-Hardware/Discos-Duros-SSD-NAS/SSD/SSD-Kingston-NV2-NVMe-2TB-PCI-Express-4-0-M-2.html%3Fsrsltid%3DAfmBOorDPuQdbHPBoGkziEPiyAYsP0BItf2bYvU67JqC5GFh9tUH6H5mqi4&rct=j&q=&esrc=s&opi=95576897&sa=U&ved=0ahUKEwj8tK-6mpOGAxUhPkQIHYCvC5QQguUECKgL&usg=AOvVaw367ZG9ZeV2MelheFawSau7
Google	SSD	SSD 2TB	2878.95	Ssd Kingston Fury Renegade Pcie 4.0 Nvme M.2 2tb	https://www.google.com/url?url=https://www.amazon.com.mx/Kingston-Fury-Renegade-2000-Lectura/dp/B09K36S11S%3Fsource%3Dps-sl-shoppingads-lpcontext%26ref_%3Dfplfs%26psc%3D1%26smid%3DAVDBXBAVVSXLQ&rct=j&q=&esrc=s&opi=95576897&sa=U&ved=0ahUKEwj8tK-6mpOGAxUhPkQIHYCvC5QQguUECLgL&usg=AOvVaw1_0oXYZiUJnHGkBKqCxtql
Google	SSD	SSD 2TB	1979.0	Western Digital WD Green SSD 2TB SATA	https://www.google.com/url?url=https://www.walmart.com.mx/ip/accesorios-para-computadoras/unidad-de-estado-solido-western-digital-green-de-2tb-2-5-sata-iii-western-digital-wds200t2g0a/00071803787774%3Fsrsltid%3DAfmBOopPPKSsEBtc62MJM7uIaf981ZyWLAnImTEnzHAMLtU2B6W-tKGsQPY&rct=j&q=&esrc=s&opi=95576897&sa=U&ved=0ahUKEwj8tK-6mpOGAxUhPkQIHYCvC5QQguUECMgL&usg=AOvVaw1gtR1Fy8-eqc_0D5VHtxpa
Google	SSD	SSD 2TB	2699.0	UNIDAD SSD WESTERN DIGITAL Black SN770 2TB PCIE GEN4 NVME WDS200T3X0E	https://www.google.com/url?url=https://www.mercadolibre.com.mx/ssd-interno-western-digital-wd-black-sn770-nvme-2tb-vc-color-negro/p/MLM26080274%3Fmatt_tool%3D28238160%26utm_source%3Dgoogle_shopping%26utm_medium%3Dorganic%26item_id%3DMLM2024650407%26from%3Dgshop&rct=j&q=&esrc=s&opi=95576897&sa=U&ved=0ahUKEwj8tK-6mpOGAxUhPkQIHYCvC5QQguUECNgL&usg=AOvVaw20uthBkeCF9gRwmRPjyoES
Google	SSD	SSD 2TB	1509.43	"WDS200T2G0A-00JH30 - Unidad de estado sólido SSD Western Digital Green 2TB SATA 2.5"""	https://www.google.com/url?url=https://www.mayoristatecnologico.com.co/tecnologia/memorias-y-almacenamiento/discos-duros/wds200t2g0a-00jh30-unidad-de-estado-solido-ssd-western-digital-green-2tb-sata-2.5/%3Fsrsltid%3DAfmBOopMBHN2aY9wf3mPZsraf0kMbEUIwTWd6PG1Nu9WpGZHd9ZlcjFye2E&rct=j&q=&esrc=s&opi=95576897&sa=U&ved=0ahUKEwj8tK-6mpOGAxUhPkQIHYCvC5QQgOUECOgL&usg=AOvVaw1vjL-rZyycDKzIxI4KVyq9
Google	SSD	SSD 2TB	2999.0	M.2 2280 Ssd 2tb Kingston Fury Renegade Pcie 4.0 Nvme	https://www.google.com/url?url=https://ddtech.mx/producto/%3Fid%3D13098&rct=j&q=&esrc=s&opi=95576897&sa=U&ved=0ahUKEwj8tK-6mpOGAxUhPkQIHYCvC5QQguUECIkM&usg=AOvVaw02Xz9yCNKtRzyrku27jktD
Google	SSD	SSD 2TB	2514.99	Disco Solido Ssd 2tb Crucial P3 M.2 Nvme Pcie Ct2000p3ssd8	https://www.google.com/url?url=https://www.tradeinn.com/techinn/es/crucial-ssd-m.2-p3-2tb/139369482/p%3Futm_source%3Dgoogle_products%26utm_medium%3Dmerchant%26id_producte%3D17792628%26country%3Dmx%26srsltid%3DAfmBOoqfU0CVH42PFAiUxDxU-0L-vpsqG04ejUrKpe7WzzAzSMTYa1gPVd8&rct=j&q=&esrc=s&opi=95576897&sa=U&ved=0ahUKEwj8tK-6mpOGAxUhPkQIHYCvC5QQguUECJkM&usg=AOvVaw3mSLVJtmfF2yeXiNxlopEa
Google	SSD	SSD 2TB	2249.0	Ssd Crucial P3 Plus, M.2 2280, Pcie 4.0 Nvme, 5000mb/s, 2 Tb	https://www.google.com/url?url=https://www.abasteo.mx/Almacenamiento-de-Datos/Discos-Duros-SSD-NAS/SSD/SSD-Crucial-P3-Plus-NVMe-2TB-PCI-Express-4-0-M-2.html%3Fsrsltid%3DAfmBOorbypwvdwYVlEB77yrIonRoUxPvZHBcf0NQZm9YSZcWQ3m_gkccQOQ&rct=j&q=&esrc=s&opi=95576897&sa=U&ved=0ahUKEwj8tK-6mpOGAxUhPkQIHYCvC5QQguUECKkM&usg=AOvVaw2kaevABFNGlFO5sF9SDaib
Google	SSD	SSD 2TB	3111.01	Samsung Ssd 870 Qvo Mz-77q2t0bw 2tb Sata Gris	https://www.google.com/url?url=https://www.coolquarter.com/es/disco-duro-samsung-mz-77q2t0-2-tb-ssd-v-nand-mlc-2-tb/59952/d%3Fprod%3D66502%26cty%3DMX%26utm%3Dshopping%26srsltid%3DAfmBOooQxv_9LH-hBUGhHocds9zPGfRXLAHCwH8zxqtrTrVICH3prlyKrpA&rct=j&q=&esrc=s&opi=95576897&sa=U&ved=0ahUKEwj8tK-6mpOGAxUhPkQIHYCvC5QQguUECLkM&usg=AOvVaw1eI0esR9rhEiOm8ryNtGvD
Google	SSD	SSD 2TB	238.0	SanDisk SSD plus 2TB SATA3 Disco Duro Interno Portátil 2.5inch 1T 960GB	https://www.google.com/url?url=https://shopee.com.mx/product/396755994/23974437006%3Fgsht%3DIQsqeq6Oq7voOXpK&rct=j&q=&esrc=s&opi=95576897&sa=U&ved=0ahUKEwj8tK-6mpOGAxUhPkQIHYCvC5QQgOUECMkM&usg=AOvVaw0t5jUoN7lFSVakx8aeteNd
Google	SSD	SSD 2TB	2209.0	Unidad De Estado Sólido Adata Legend 800 De 2tb, M.2	https://www.google.com/url?url=https://pcel.com/462444%3Fsrsltid%3DAfmBOorcH_al5msv4MvmpLXQ39PsZzEclvpzzGTLjucP3q4fM2_RGjYn1UQ&rct=j&q=&esrc=s&opi=95576897&sa=U&ved=0ahUKEwj8tK-6mpOGAxUhPkQIHYCvC5QQguUECNgM&usg=AOvVaw2AdFnjqQViKjio6xohu6Ij
Google	SSD	SSD 2TB	2509.52	Unidad Ssd Xpg Gammix S70 Blade Nvme 2tb Pci Express 4.0 M.2	https://www.google.com/url?url=https://www.zegucom.com.mx/producto/discos-duros-ssd-y-almacenamiento/ssd-unidades-de-estado-solido/SSD-XPG-Gammix-S70-BLADE-2TB-M-2-2280-PCI-E-4-0-Nvme-1-4-Lectura-7400/QUdBTU1JWFM3MEItMlQtQ1M%3D%3Fsrsltid%3DAfmBOoqBHYOUALEUe5SbD63oDlWHEG9xzZizTMF5biPHzdNN4fNk95LFSqQ&rct=j&q=&esrc=s&opi=95576897&sa=U&ved=0ahUKEwj8tK-6mpOGAxUhPkQIHYCvC5QQguUECOgM&usg=AOvVaw2hOczeUM_9RV9JFNCjzjrZ
Google	RAM	DDR5 RAM 64 Gb	2909.0	Kit Memoria Ram Corsair Vengeance Rgb Ddr5 5200mhz 64gb	https://www.google.com/url?url=https://www.cyberpuerta.mx/Computo-Hardware/Memorias-RAM-y-Flash/Memorias-RAM-para-PC/Kit-Memoria-RAM-Corsair-Vengeance-RGB-DDR5-5200MHz-64GB-2-x-32GB-CL40-Gris.html%3Fsrsltid%3DAfmBOoqcIPMB1UFqxreJhAoRLhPn66-J_wCHQOTRUtkfoOdkmw7Ml7cdY3s&rct=j&q=&esrc=s&opi=95576897&sa=U&ved=0ahUKEwjNutXAmpOGAxXLqFYBHfmeDYMQguUECLUL&usg=AOvVaw1SxBLhUgwcIuvkt4svgIFx
Google	RAM	DDR5 RAM 64 Gb	3999.0	Kit Memoria Ram Corsair Vengeance Rgb Ddr5 5600mhz 64gb	https://www.google.com/url?url=https://www.amazon.com.mx/Corsair-Vengeance-5600MHz-Optimizada-Memoria/dp/B0BF5XMMC9%3Fsource%3Dps-sl-shoppingads-lpcontext%26ref_%3Dfplfs%26psc%3D1%26smid%3DA3BWCJYWWL7WMN&rct=j&q=&esrc=s&opi=95576897&sa=U&ved=0ahUKEwjNutXAmpOGAxXLqFYBHfmeDYMQguUECMYL&usg=AOvVaw0o8HTbAgj6JOo2JLlLca2o
Google	RAM	DDR5 RAM 64 Gb	3199.0	Memoria RAM Corsair Vengeance RGB DDR5, 64GB CMH64GX5M2B5200C40	https://www.google.com/url?url=https://www.mercadolibre.com.mx/memoria-ram-corsair-vengeance-rgb-de-64-gb-ddr5-5200-mhz/p/MLM23611704%3Fmatt_tool%3D28238160%26utm_source%3Dgoogle_shopping%26utm_medium%3Dorganic%26item_id%3DMLM2052780675%26from%3Dgshop&rct=j&q=&esrc=s&opi=95576897&sa=U&ved=0ahUKEwjNutXAmpOGAxXLqFYBHfmeDYMQguUECNkL&usg=AOvVaw3rauNRG1VrBIzw8CrL0w2-
Google	RAM	DDR5 RAM 64 Gb	3829.0	Memoria RAM Kingston Fury Beast RGB DDR5 64GB KF548C38BBAK2-64	https://www.google.com/url?url=https://www.abasteo.mx/Computo-y-Hardware/Memorias-RAM-y-Flash/Memorias-RAM-para-PC/Kit-Memoria-RAM-Kingston-Fury-Beast-RGB-DDR5-4800MHz-64GB-2-x-32GB-Non-ECC-CL38-XMP.html%3Fsrsltid%3DAfmBOorhQJLsj1uvg9KCrtkpYkdxWD3i6xo1Ib6LLt9m1_tedSSm2iuNggI&rct=j&q=&esrc=s&opi=95576897&sa=U&ved=0ahUKEwjNutXAmpOGAxXLqFYBHfmeDYMQguUECOsL&usg=AOvVaw3TArggdvVdn5KknqpIcJ5w
Google	RAM	DDR5 RAM 64 Gb	4036.99	Kit Memoria RAM Kingston FURY BEAST DDR5, 64GB, KF560C40BBK2-64	https://www.google.com/url?url=https://www.tradeinn.com/techinn/es/kingston-memoria-ram-fury-beast-kf560c40bbk2-64-64gb-2x32gb-ddr5-6000mhz/140251375/p%3Futm_source%3Dgoogle_products%26utm_medium%3Dmerchant%26id_producte%3D140914147%26country%3Dmx%26srsltid%3DAfmBOor-9halBjR2YREwbJRjowTxMP_ndoejkdtKF53q86xbNxT4v0GlyXI&rct=j&q=&esrc=s&opi=95576897&sa=U&ved=0ahUKEwjNutXAmpOGAxXLqFYBHfmeDYMQguUECP0L&usg=AOvVaw2nV1zorRSX-6OULUS9eNNj
Google	RAM	DDR5 RAM 64 Gb	4599.0	Memoria Ram Ddr5 64gb 5600mt/s Kingston Fury Beast 2x32gb	https://www.google.com/url?url=https://www.bodegaaurrera.com.mx/ip/componentes-de-computadoras/memoria-ram-ddr5-64gb-5600mt-s-kingston-fury-beast-2x32gb-negro/00074061733174%3Fsrsltid%3DAfmBOorKsnhKhCHxTryLSnOLNNCGCUKSKkheHYgkeKIh4e7SJCnavXsATF4&rct=j&q=&esrc=s&opi=95576897&sa=U&ved=0ahUKEwjNutXAmpOGAxXLqFYBHfmeDYMQguUECI8M&usg=AOvVaw2_qifdUpww4uEbxicQb09d
Google	RAM	DDR5 RAM 64 Gb	4259.0	Memoria RAM Kingston FURY Beast RGB DDR5, 6000MHz, KF560C40BBAK2-64	https://www.google.com/url?url=https://intercompras.com/p/memoria-ram-kingston-fury-beast-rgb-ddr5-64gb-2x-32gb-6000mhz-u-dimm-pc-320130%3Fsrsltid%3DAfmBOoogCVWX5x0B-kR9hjH97aw42o897jVZNWqQzXkceeeur-zrQ57-3CY&rct=j&q=&esrc=s&opi=95576897&sa=U&ved=0ahUKEwjNutXAmpOGAxXLqFYBHfmeDYMQguUECKEM&usg=AOvVaw0uPRiHDfrqfBtJAFK26HwN
Google	RAM	DDR5 RAM 64 Gb	2694.45	Corsair Memoria Ram Vengeance 64gb 2x32gb Ddr5 5200mhz Negro	https://www.google.com/url?url=https://mipc.com.mx/kit-memoria-ram-corsair-vengeance-64gb-2x32gb-ddr5-5200mhz-cl40-xmp-cmk64gx5m2b5200c40.html%3Fff%3D6%26fp%3D1555017%26srsltid%3DAfmBOoqgPf-jHSouxXJ2djNzlrOr8NqmjW-vit4Q0Mrv3jqnScIwzvnBoEU&rct=j&q=&esrc=s&opi=95576897&sa=U&ved=0ahUKEwjNutXAmpOGAxXLqFYBHfmeDYMQguUECLIM&usg=AOvVaw3_9Tty6bkHjQh7wuqszURA
Google	RAM	DDR5 RAM 64 Gb	3239.0	Kit Memoria Ram Corsair Vengeance Ddr5 5600mhz 64gb 2x32gb	https://www.google.com/url?url=https://pcel.com/471758%3Fsrsltid%3DAfmBOooRLjQq_0jZee1XGD9Yj4AT-j2Y-rGYqaSXGOuTyH3Tbiq8zL6c3IY&rct=j&q=&esrc=s&opi=95576897&sa=U&ved=0ahUKEwjNutXAmpOGAxXLqFYBHfmeDYMQguUECMMM&usg=AOvVaw2ZW7ICDiGP-AEt7iwi-0kW
Google	RAM	DDR5 RAM 64 Gb	4299.0	Memoria RAM Kingston FURY Renegade White RGB DDR5 / 6000MT/S / 64GB (2x32) / Non ...	https://www.google.com/url?url=https://ddtech.mx/producto/%3Fid%3D13002&rct=j&q=&esrc=s&opi=95576897&sa=U&ved=0ahUKEwjNutXAmpOGAxXLqFYBHfmeDYMQgOUECNMM&usg=AOvVaw0TeMKAUVNuGxXYGa0vfpHu
Google	RAM	DDR5 RAM 64 Gb	4199.0	Kit Memoria RAM Kingston FURY Renegade DDR5, 64GB, KF560C32RSK2-64	https://www.google.com/url?url=https://www.cyberpuerta.mx/Computo-Hardware/Memorias-RAM-y-Flash/Memorias-RAM-para-PC/Kit-Memoria-RAM-Kingston-FURY-Renegade-DDR5-6000MHz-64GB-2-x-32GB-Non-ECC-CL32-XMP-Gris.html%3Fsrsltid%3DAfmBOooHi2qRk-kt8Wn90gXwiCk8ucYwnnQ9LFE5XEbF_YijPgsllKBc01g&rct=j&q=&esrc=s&opi=95576897&sa=U&ved=0ahUKEwjNutXAmpOGAxXLqFYBHfmeDYMQguUECPYM&usg=AOvVaw3Npgy6-hF5PwneM_mOaUNB
Google	RAM	DDR5 RAM 64 Gb	4977.24	Corsair Memoria Ram Vengeance Rgb Cmh64gx5m2b6000c30w 64gb 2x32gb Ddr5 6000mhz ...	https://www.google.com/url?url=https://www.amazon.com.mx/Corsair-Vengeance-Compatible-Memoria-computadora/dp/B0CD7VZKN6%3Fsource%3Dps-sl-shoppingads-lpcontext%26ref_%3Dfplfs%26psc%3D1%26smid%3DA1G99GVHAT2WD8&rct=j&q=&esrc=s&opi=95576897&sa=U&ved=0ahUKEwjNutXAmpOGAxXLqFYBHfmeDYMQguUECIcN&usg=AOvVaw1pkm7X5izmR0BrkrN_R4iN
Google	RAM	DDR5 RAM 64 Gb	3953.0	Memoria RAM Kingston Fury Impact DDR5, 5600MHz, 64GB KF556S40IBK2-64	https://www.google.com/url?url=https://www.teslacomunicaciones.mx/marketplace/DetalleProducto.aspx%3Fsku%3Dkf556s40ibk2-64%26srsltid%3DAfmBOoqcN4ejZyi5oGdkTgyI3x3-X3LIKu9patvyFSWgS8nw541iep8G4Z8&rct=j&q=&esrc=s&opi=95576897&sa=U&ved=0ahUKEwjNutXAmpOGAxXLqFYBHfmeDYMQguUECJgN&usg=AOvVaw0cE_CKqeAa7X-kd4-n_OeW
Google	COOL	MSI MAG CORELIQUID E360	2814.94	Enfriamiento Liquido Msi Mag Coreliquid E360 360mm Argb Am5 Lga 1700	https://www.google.com/url?url=https://www.amazon.com.mx/MSI-MAG-CORELIQUID-E360-ventiladores/dp/B0CJ636ZTH%3Fsource%3Dps-sl-shoppingads-lpcontext%26ref_%3Dfplfs%26psc%3D1%26smid%3DA1G99GVHAT2WD8&rct=j&q=&esrc=s&opi=95576897&sa=U&ved=0ahUKEwi4k63GmpOGAxVuC0QIHWzpBugQguUECOEJ&usg=AOvVaw1kILD3hBvi7CgOMdQX5HfJ
Google	COOL	MSI MAG CORELIQUID E360	1939.0	Enfriamiento Liquido Msi Mag Coreliquid E360 White Argb	https://www.google.com/url?url=https://www.cyberpuerta.mx/Computo-Hardware/Componentes/Enfriamiento-y-Ventilacion/Enfriamiento-Liquido/MSI-MAG-CORELIQUID-E360-White-Enfriamiento-Liquido-para-CPU-ARGB-3x-120mm-1000-3000RPM-Blanco.html%3Fsrsltid%3DAfmBOoq7mnQepRcHS2nHoY-5Dri0LxUNp9rtT7_zqYB088GKslCQWrJASGU&rct=j&q=&esrc=s&opi=95576897&sa=U&ved=0ahUKEwi4k63GmpOGAxVuC0QIHWzpBugQguUECO8J&usg=AOvVaw2PUEv5loqKiAbS_s-XiBEv
Google	COOL	MSI MAG CORELIQUID E360	1889.0	Msi Refrigeración Líquida Mag Coreliquid M360 Dorado	https://www.google.com/url?url=https://www.abasteo.mx/Computo-Hardware/Componentes/Enfriamiento-y-Ventilacion/Enfriamiento-Liquido/MSI-MAG-CORELIQUID-M360-ARGB-Enfriamiento-Liquido-para-CPU-3-x-120mm-3100RPM.html%3Fsrsltid%3DAfmBOop9Z_7FhGV67llxay_f0piI3EqnEDVcN3ba_dywBqEkcagA0lidZvk&rct=j&q=&esrc=s&opi=95576897&sa=U&ved=0ahUKEwi4k63GmpOGAxVuC0QIHWzpBugQguUECP0J&usg=AOvVaw1MczoLFqZg-1oGyw3O6lXx
Google	COOL	MSI MAG CORELIQUID E360	2338.99	Msi Refrigeración Líquida Mag Coreliquid E360 Transparente	https://www.google.com/url?url=https://www.tradeinn.com/techinn/es/msi-refrigeracion-liquida-mag-coreliquid-e360/140529425/p%3Futm_source%3Dgoogle_products%26utm_medium%3Dmerchant%26id_producte%3D141913047%26country%3Dmx%26srsltid%3DAfmBOorKbxlkOMt-VSsOhn7EMmQQpU9PZAGgMB6l6bxAH5PB2owasaw4PDw&rct=j&q=&esrc=s&opi=95576897&sa=U&ved=0ahUKEwi4k63GmpOGAxVuC0QIHWzpBugQguUECIsK&usg=AOvVaw1yJlaDrYTlRg9evfW9BA92
Google	COOL	MSI MAG CORELIQUID E360	2269.0	Enfriamiento Liquido Msi Mag Core Liquid C360	https://www.google.com/url?url=https://intercompras.com/p/enfriamiento-liquido-msi-mag-coreliquid-c360-3x-ventiladores-2000rpm-rgb-302188%3Fsrsltid%3DAfmBOopnDVmpfLNPpHSU852Ic869DtFQelJx9_FzaN07VYzASv2BzJuntjs&rct=j&q=&esrc=s&opi=95576897&sa=U&ved=0ahUKEwi4k63GmpOGAxVuC0QIHWzpBugQguUECJkK&usg=AOvVaw1eWrYxClVwG1DV42kbYa-L
Google	COOL	MSI MAG CORELIQUID E360	1970.99	Msi Refrigeración Líquida Mag Coreliquid E360 Dorado	https://www.google.com/url?url=https://www.tradeinn.com/techinn/es/msi-refrigeracion-liquida-mag-coreliquid-e360/140485617/p%3Futm_source%3Dgoogle_products%26utm_medium%3Dmerchant%26id_producte%3D141746735%26country%3Dmx%26srsltid%3DAfmBOorigcj76Bkn9hz8zY3DPDCFIiJqJvhR19j_ZAlOY3_4wENAeegdi6A&rct=j&q=&esrc=s&opi=95576897&sa=U&ved=0ahUKEwi4k63GmpOGAxVuC0QIHWzpBugQguUECKkK&usg=AOvVaw29XtpV2jONPx2Z1w_CKfR6
Google	COOL	MSI MAG CORELIQUID E360	2060.99	Enfriamiento Liquido Msi Mag Coreliquid C360 Argb	https://www.google.com/url?url=https://www.zegucom.com.mx/producto/enfriamiento-profesional/sistemas-de-enfriamiento-liquido/Sistema-de-Enfriamiento-Liquido-MSI-MAGCORELIQUID-C360-3x120mm-4200-R/TUFHIENPUkVMSVFVSUQgQzM2MA%3D%3D%3Fsrsltid%3DAfmBOorR7zQl5fOsrX8BkvkReV0QXnWXYcaIC8ogT1GxVS8lFgwpVcUxEEM&rct=j&q=&esrc=s&opi=95576897&sa=U&ved=0ahUKEwi4k63GmpOGAxVuC0QIHWzpBugQguUECNUK&usg=AOvVaw3aF1HI74hx1tqShSSfIt31
Google	COOL	MSI MAG CORELIQUID E360	2399.0	Enfriamiento Líquido MSI MAG CORELIQUID E360 White / AIO 360mm / ARGB / 0-3000RPM ...	https://www.google.com/url?url=https://justgaming.com.mx/producto/enfriamiento-liquido-msi-mag-coreliquid-e360-white-aio-360mm-argb-0-3000rpm-radiador-de-flujo-dividido-mag-coreliquid-e360-white/&rct=j&q=&esrc=s&opi=95576897&sa=U&ved=0ahUKEwi4k63GmpOGAxVuC0QIHWzpBugQgOUECOIK&usg=AOvVaw0oWRaCzDIVBFLwhM79ikeX
Google	COOL	MSI MAG CORELIQUID E360	2259.0	Sistema de enfriamiento líquido MSI MAG CORELIQUID C360 de 360mm,	https://www.google.com/url?url=https://pcel.com/444194%3Fsrsltid%3DAfmBOoqWTQL7P6R3WEn0qeRiDNIZwNocSShwCIjSVdLMLWnWfS2E7r58FYY&rct=j&q=&esrc=s&opi=95576897&sa=U&ved=0ahUKEwi4k63GmpOGAxVuC0QIHWzpBugQgOUECO4K&usg=AOvVaw1xZTQ_NOuOSBZjgrj_oZDM
Google	COOL	MSI MAG CORELIQUID E360	7559.0	Msi Mag Coreliquid 360r V2 Liquid Cpu Cooler '360mm Radiador	https://www.google.com/url?url=https://articulo.mercadolibre.com.mx/MLM-2251421010-msi-mag-coreliquid-360r-v2-liquid-cpu-cooler-360mm-radiador-_JM%3Fmatt_tool%3D28238160%26utm_source%3Dgoogle_shopping%26utm_medium%3Dorganic&rct=j&q=&esrc=s&opi=95576897&sa=U&ved=0ahUKEwi4k63GmpOGAxVuC0QIHWzpBugQguUECPsK&usg=AOvVaw2ddrNb4UTejmlX3NBuB4qZ
Google	COOL	MSI MAG CORELIQUID E360	2421.69	Msi Refrigeración Líquida Mag Coreliquid 360r V2 Transparente	https://www.google.com/url?url=https://www.coolquarter.com/es/ventilador-msi-%25C3%25B8-12-cm-(3-unidades)/33555/d%3Fprod%3D39252%26cty%3DMX%26utm%3Dshopping%26srsltid%3DAfmBOoq-s2BaUelHGwSU8f9i24InEee_wxoCpwktLqoAfR1qOhIvCd04CiU&rct=j&q=&esrc=s&opi=95576897&sa=U&ved=0ahUKEwi4k63GmpOGAxVuC0QIHWzpBugQguUECIgL&usg=AOvVaw2pESggQT-5SI5Iy4IUTVsQ
Google	COOL	MSI MAG CORELIQUID E360	1459.29	Enfriamiento Liquido Msi Mag Coreliquid M360 Argb Am5 1700	https://www.google.com/url?url=https://www.digitalife.com.mx/productos/1-disipador-para-cpu-msi-mag-coreliquid-m360-argb-enfriamiento-liquido-para-cpu-3-x-120mm-3100rpm-negro%3Fsrsltid%3DAfmBOorQs5j1HdKmCIvEtbTNpHBKBuXzy1GsYWwAhwe7qE7YHpYplhYdNj8&rct=j&q=&esrc=s&opi=95576897&sa=U&ved=0ahUKEwi4k63GmpOGAxVuC0QIHWzpBugQguUECJgL&usg=AOvVaw10Pz-vYWr9k5FFMtXhMhpf
Google	COOL	MSI MAG CORELIQUID E360	1649.0	Enfriamiento Liquido Msi Mag Coreliquid M240	https://www.google.com/url?url=https://www.cyberpuerta.mx/Computo-Hardware/Componentes/Enfriamiento-y-Ventilacion/Enfriamiento-Liquido/MSI-MAG-CORELIQUID-M240-ARGB-Enfriamiento-Liquido-para-CPU-2-x-120mm-3100RPM.html%3Fsrsltid%3DAfmBOoqU4wOqlo8EHdXDLBC5gJYlmRt3URh0lWsV6YqMw5IgkReUdtK9_UI&rct=j&q=&esrc=s&opi=95576897&sa=U&ved=0ahUKEwi4k63GmpOGAxVuC0QIHWzpBugQguUECKYL&usg=AOvVaw3m0GTBIKdfafGx76f9gAV-
Google	PSU	PSU 850W 80 PLUS Gold	1719.0	Fuente De Poder Corsair Rm850e 850w Modular 80 Plus Gold	https://www.google.com/url?url=https://www.cyberpuerta.mx/Computo-Hardware/Componentes/Fuentes-de-Poder-para-PC-s/Fuente-de-Poder-Corsair-RM850e-80-PLUS-Gold-24-pin-ATX-120mm-850W-cp2.html%3Fsrsltid%3DAfmBOooxa8g1uwrgcNzZ2_xwVXi8zQ269JmF-6RRtosCZ42FOU73pjTOcgk&rct=j&q=&esrc=s&opi=95576897&sa=U&ved=0ahUKEwizrJjMmpOGAxVdLEQIHRe1ALYQguUECKgM&usg=AOvVaw1nTpWJNnFmRQlsjP4QinKm
Google	PSU	PSU 850W 80 PLUS Gold	2535.22	FUENTE DE PODER NZXT C850 ATX 850W 80PLUS GOLD FULL-MODULAR	https://www.google.com/url?url=https://www.amazon.com.mx/NZXT-C850-PSU-PA-8G1BB-US-alimentaci%25C3%25B3n/dp/B09YYZPVXB%3Fsource%3Dps-sl-shoppingads-lpcontext%26ref_%3Dfplfs%26psc%3D1%26smid%3DA32LB5H5JMATZ1&rct=j&q=&esrc=s&opi=95576897&sa=U&ved=0ahUKEwizrJjMmpOGAxVdLEQIHRe1ALYQguUECMgM&usg=AOvVaw1C6TN6I5zxadKZMEXASfOr
Google	PSU	PSU 850W 80 PLUS Gold	1649.0	Fuente De Poder Aerocool Mirage Gold 850w 80 Plus	https://www.google.com/url?url=https://www.doto.com.mx/aerocool-mirage-850w-80-gold-modular-rgb/p%3Fidsku%3D18247%26srsltid%3DAfmBOopqgXF8hyh4DHNHe4ToeXAes9jV8IBk52uLeKScSTwgfeTwsxgRX28&rct=j&q=&esrc=s&opi=95576897&sa=U&ved=0ahUKEwizrJjMmpOGAxVdLEQIHRe1ALYQguUECNgM&usg=AOvVaw0UtYMv8Uc74jp4bLRDjUXx
Google	PSU	PSU 850W 80 PLUS Gold	1826.54	Fuente De Poder Modular Gigabyte Ud850gm 850w 80 Plus Gold	https://www.google.com/url?url=https://www.zegucom.com.mx/producto/refacciones/fuentes-de-poder/FUENTE-DE-PODER-Gigabyte-80PLUS-GOLD-850W-UD850GM-MODULAR-NEGRA/R1AtVUQ4NTBHTQ%3D%3D%3Fsrsltid%3DAfmBOorJZvAedXmYzH_K9aZ7siEjvqq3t7BAwsnnWZgoeJ4n0aSZZhzx2kk&rct=j&q=&esrc=s&opi=95576897&sa=U&ved=0ahUKEwizrJjMmpOGAxVdLEQIHRe1ALYQguUECOkM&usg=AOvVaw08hicrsYPe_PxnfoviXbx6
Google	PSU	PSU 850W 80 PLUS Gold	1599.0	Fuente de Poder Balam Rush 850W 80 Plus Gold Modular BR-931199	https://www.google.com/url?url=https://ddtech.mx/producto/%3Fid%3D8220&rct=j&q=&esrc=s&opi=95576897&sa=U&ved=0ahUKEwizrJjMmpOGAxVdLEQIHRe1ALYQguUECPoM&usg=AOvVaw3QJgJx8TdxcR7SCf1nFURb
Google	PSU	PSU 850W 80 PLUS Gold	2299.0	Fuente de poder cooler master mwe 850w v2 gold	https://www.google.com/url?url=https://www.liverpool.com.mx/tienda/pdp/Fuente-de-Poder-Cooler-Master-MPE-8501-AFAAG-U2/1139426092%3Fgfeed%3Dtrue%26srsltid%3DAfmBOor11FNMsVoocHy0zdlYKP3913r5kdUmg2PWapAeMILGvt4UZOQjN7Q&rct=j&q=&esrc=s&opi=95576897&sa=U&ved=0ahUKEwizrJjMmpOGAxVdLEQIHRe1ALYQguUECIsN&usg=AOvVaw2P9h8AYBsbXeIxjC0x5Wp1
Google	PSU	PSU 850W 80 PLUS Gold	1999.0	GIGABYTE Fuente DE Poder 850W/80 Plus Gold/Negro/ATX/Modular	https://www.google.com/url?url=https://www.abasteo.mx/Computo-y-Hardware/Componentes/Fuentes-de-Poder-para-PC-s/Fuente-de-Poder-Gigabyte-UD850GM-80-PLUS-Gold-20-4-pin-ATX-120mm-850W.html%3Fsrsltid%3DAfmBOopuvKMSbymr-xD388Rz0QUQeruJcpHzgqM4RnREQdbYdSRiZqJqDz0&rct=j&q=&esrc=s&opi=95576897&sa=U&ved=0ahUKEwizrJjMmpOGAxVdLEQIHRe1ALYQguUECK0N&usg=AOvVaw3qXuYx9ksFKzwUhGc4MABC
Google	PSU	PSU 850W 80 PLUS Gold	1319.0	Fuente De Poder Ocelot Gaming Ops850 De 850w, Atx, Modular, 80+ Gold	https://www.google.com/url?url=https://pcel.com/495598%3Fsrsltid%3DAfmBOorGyOszKgcEEkmn4uXCo9xG1AQwA6esB1fIJg_Y54E8CO1UreDmCzc&rct=j&q=&esrc=s&opi=95576897&sa=U&ved=0ahUKEwizrJjMmpOGAxVdLEQIHRe1ALYQguUECL0N&usg=AOvVaw390TGfOpvlUDWgPRjfP3WE
Google	PSU	PSU 850W 80 PLUS Gold	1632.06	Fuente De Poder Xpg Core Reactor 850w Modular 80 Plus Gold	https://www.google.com/url?url=https://www.digitalife.com.mx/productos/fuente-de-poder-adata-xpg-core-reactor-850w-80-plus-gold-atx%3Fsrsltid%3DAfmBOooocxS1wwiiRs8Lqk2jOpQEeL5CV8_mD8VtMjrUxcrfJHTvH3UUQSo&rct=j&q=&esrc=s&opi=95576897&sa=U&ved=0ahUKEwizrJjMmpOGAxVdLEQIHRe1ALYQguUECM4N&usg=AOvVaw3JMRAMzWUUcTka2M8a1FJ0
Google	PSU	PSU 850W 80 PLUS Gold	2017.11	be quiet! Pure Power 12 M 850W, ATX 3.0, 80 Plus Gold, Modular Power Supply, for ...	https://www.google.com/url?url=https://www.amazon.com.mx/quiet-Modular-connectors-12VHPWR-Included/dp/B0BVY62M5F%3Fsource%3Dps-sl-shoppingads-lpcontext%26ref_%3Dfplfs%26psc%3D1%26smid%3DA1Y2SO38WVVFQ4&rct=j&q=&esrc=s&opi=95576897&sa=U&ved=0ahUKEwizrJjMmpOGAxVdLEQIHRe1ALYQguUECN4N&usg=AOvVaw2lhr8yHtzF-QnSEAEO3jlv
Google	PSU	PSU 850W 80 PLUS Gold	1718.49	FUENTE DE PODER MSI 850W/80 PLUS GOLD /NEGRO/ATX/MODULAR MAG A850GL PCIE5	https://www.google.com/url?url=https://mipc.com.mx/fuente-de-poder-msi-mag-a850gl-850w-pcie5-80-plus-gold-24-pin-atx-120mm-negro-mag-a850gl-pcie5.html%3Fff%3D6%26fp%3D1624044%26srsltid%3DAfmBOorjhEvlx1Lwx90vbIV0yYO7iIgbDZpUpRIqLka_g99oZKkRY95JEM4&rct=j&q=&esrc=s&opi=95576897&sa=U&ved=0ahUKEwizrJjMmpOGAxVdLEQIHRe1ALYQguUECO4N&usg=AOvVaw2C5XC9FZuWJSVmw_MjJEGE
Google	PSU	PSU 850W 80 PLUS Gold	3009.0	Fuente de poder asus tuf-Gaming-850g 850w 80plus gold modular	https://www.google.com/url?url=https://intercompras.com/p/fuente-poder-asus-tuf-gaming-850w-gold-850w-atx-sata-plus-gold-357333%3Fsrsltid%3DAfmBOorv0Q7HCitvpbw9L55PKWRNOL9px2RZnbXw6hGTWRdkNyCFhIviQ6M&rct=j&q=&esrc=s&opi=95576897&sa=U&ved=0ahUKEwizrJjMmpOGAxVdLEQIHRe1ALYQguUECP8N&usg=AOvVaw39oGvpvlcdpSaFlpomCcy-
